timestamp,value,open,high,low,volume,returns,volatility
2024-01-02,1.17659,1.17329,1.18191,1.16699,111341.0,,
2024-01-03,1.1654,1.18719,1.19955,1.15208,193805.0,-0.0095105346807299,
2024-01-04,1.16995,1.16119,1.18639,1.14164,134616.0,0.0039042388879355,
2024-01-05,1.17229,1.18009,1.196,1.15354,97581.0,0.0020000854737383,
2024-01-08,1.18858,1.17022,1.20836,1.14551,145166.0,0.0138958790060479,
2024-01-09,1.19503,1.20486,1.21737,1.18076,126347.0,0.0054266435578589,
2024-01-10,1.19108,1.20092,1.21407,1.17815,180814.0,-0.0033053563508866,
2024-01-11,1.17969,1.18937,1.20207,1.16817,154693.0,-0.0095627497733149,0.008499512473524628
2024-01-12,1.19055,1.19208,1.20138,1.18054,154546.0,0.0092058083055719,0.007772526206541655
2024-01-15,1.19206,1.19176,1.19755,1.18542,151646.0,0.0012683213640753,0.0077898078428758405
2024-01-16,1.19615,1.18388,1.2079,1.17,98776.0,0.0034310353505697,0.007787029248513247
2024-01-17,1.19418,1.19402,1.21207,1.17747,119675.0,-0.0016469506332817,0.006182577363828955
2024-01-18,1.17571,1.1844,1.20609,1.15155,130915.0,-0.0154666800649818,0.008220983750651785
2024-01-19,1.19083,1.16693,1.20573,1.1538,120308.0,0.0128603141931258,0.009974057333307255
2024-01-22,1.20096,1.19775,1.21337,1.18397,169783.0,0.0085066718171358,0.009404828395275603
2024-01-23,1.20769,1.20282,1.22103,1.18907,142860.0,0.0056038502531308,0.00907556301943252
2024-01-24,1.22,1.20193,1.22436,1.19739,184644.0,0.0101930131076684,0.009556737598150305
2024-01-25,1.20608,1.22355,1.24638,1.18514,189008.0,-0.0114098360655736,0.011064218793040426
2024-01-26,1.23621,1.20051,1.24776,1.18706,211234.0,0.0249817590872909,0.014076229201110907
2024-01-29,1.23399,1.23827,1.25217,1.21916,143928.0,-0.0017958113912686,0.011462906962161944
2024-01-30,1.24142,1.23606,1.25682,1.22064,109095.0,0.0060211184855631,0.011166952268024104
2024-01-31,1.25458,1.24828,1.26767,1.23596,142502.0,0.0106007636416363,0.011272398525191994
2024-02-01,1.21349,1.2171,1.25796,1.18607,160447.0,-0.0327519966841493,0.018609351897090173
2024-02-02,1.24051,1.2171,1.24899,1.20816,164471.0,0.0222663557178057,0.020119540548926527
2024-02-05,1.24264,1.25116,1.27278,1.22007,123771.0,0.0017170357353024,0.01919089205335212
2024-02-06,1.21661,1.25276,1.25745,1.21156,221678.0,-0.0209473379257065,0.018843236821246966
2024-02-07,1.21209,1.22289,1.24059,1.19257,116072.0,-0.0037152415317974,0.018851575859089663
2024-02-08,1.25633,1.21222,1.2642,1.204,264668.0,0.0364989398477011,0.023950939817178343
2024-02-09,1.25384,1.25561,1.26411,1.24619,136487.0,-0.0019819633376579,0.023664172812515955
2024-02-12,1.23227,1.239,1.24783,1.22283,156837.0,-0.0172031519173101,0.020590660734859902
2024-02-13,1.23136,1.22641,1.25064,1.20546,123310.0,-0.0007384745226289,0.01862945568298589
2024-02-14,1.23931,1.22887,1.25473,1.20995,152603.0,0.0064562759875259,0.018825922081641987
2024-02-15,1.23166,1.2287,1.24046,1.21862,150474.0,-0.0061727896974929,0.016839958759366884
2024-02-16,1.2246,1.21836,1.22991,1.21333,150021.0,-0.0057321013916178,0.01696836305749664
2024-02-19,1.21035,1.21922,1.23268,1.19747,205092.0,-0.0116364527192551,0.00766822281939833
2024-02-20,1.2248,1.1985,1.23784,1.18295,122866.0,0.0119386954186806,0.010090641426632439
2024-02-21,1.22702,1.22371,1.24209,1.20872,122866.0,0.0018125408229914,0.00808336616114683
2024-02-22,1.22824,1.21521,1.238,1.2045,126686.0,0.000994278821861,0.008104271135766868
2024-02-23,1.23228,1.23017,1.25141,1.20831,141079.0,0.0032892594281248,0.00774232053336655
2024-02-26,1.22819,1.22701,1.24104,1.21577,109549.0,-0.0033190508650632,0.00748220476509743
2024-02-27,1.22945,1.22153,1.24952,1.20127,100780.0,0.0010258999014811,0.007102742217060873
2024-02-28,1.23215,1.22748,1.23756,1.22134,142611.0,0.0021961039489204,0.004628732777019852
2024-02-29,1.25083,1.22845,1.26367,1.21262,163069.0,0.0151604918232357,0.005742593746536817
2024-03-01,1.23657,1.25234,1.26325,1.22673,169413.0,-0.0114004301144041,0.00795286613278891
2024-03-04,1.24678,1.23486,1.26071,1.22261,135272.0,0.0082567100932418,0.00839294849949599
2024-03-05,1.26441,1.24531,1.28028,1.22556,113859.0,0.0141404257366977,0.009555172112494072
2024-03-06,1.25281,1.26011,1.26937,1.24196,178106.0,-0.0091742393685593,0.010485364099641558
2024-03-07,1.25214,1.24706,1.26129,1.23642,130897.0,-0.0005347977746026,0.010547925542330406
2024-03-08,1.2515,1.25461,1.27678,1.2326,103580.0,-0.0005111249540785,0.010617320668861889
2024-03-11,1.24602,1.24813,1.25445,1.238,102976.0,-0.0043787455053936,0.009129880903578311
2024-03-12,1.23698,1.22884,1.25445,1.20727,99869.0,-0.0072551002391614,0.008412357750017857
2024-03-13,1.22269,1.23465,1.24887,1.20901,205692.0,-0.0115523290594835,0.008533333816991964
2024-03-14,1.19705,1.21997,1.23818,1.17639,199449.0,-0.0209701559675797,0.007156898068870636
2024-03-15,1.19725,1.20303,1.21104,1.18794,96416.0,0.0001670773986048,0.007701197490263139
2024-03-18,1.16271,1.20808,1.21365,1.15742,203264.0,-0.0288494466485697,0.010870401931460025
2024-03-19,1.16225,1.18005,1.18644,1.15459,125053.0,-0.0003956274565454,0.010888125698721643
2024-03-20,1.16548,1.15819,1.17804,1.14271,131753.0,0.0027790922779091,0.011848415238926506
2024-03-21,1.15184,1.17077,1.19318,1.13088,189716.0,-0.0117033325325188,0.011831006783422159
2024-03-22,1.15268,1.15694,1.16673,1.14131,114056.0,0.0007292679538823,0.01246887342012878
2024-03-25,1.15538,1.14013,1.17079,1.12251,128803.0,0.0023423673526044,0.011610901243545278
2024-03-26,1.15873,1.14148,1.16503,1.13361,100986.0,0.0028994789593033,0.011856506601443427
2024-03-27,1.15188,1.14413,1.16469,1.13297,99571.0,-0.0059116446454308,0.005507119545833638
2024-03-28,1.15317,1.15231,1.167,1.13855,133299.0,0.0011199083237838,0.00557897232951213
2024-03-29,1.18946,1.14848,1.20308,1.13324,149503.0,0.0314697746212613,0.01363369966538657
2024-04-01,1.1801,1.19861,1.21632,1.16012,121918.0,-0.0078691170783381,0.013007533066926038
2024-04-02,1.17417,1.1771,1.18612,1.1661,148962.0,-0.0050249978815354,0.013390944118436837
2024-04-03,1.18164,1.18396,1.19196,1.17215,185514.0,0.006361940775186,0.013458167512001361
2024-04-04,1.17626,1.18605,1.1979,1.16244,97980.0,-0.0045529941437323,0.01378521045173141
2024-04-05,1.18284,1.19141,1.21297,1.16235,114802.0,0.0055940013262372,0.013331461471825018
2024-04-08,1.18566,1.16652,1.20103,1.15187,162848.0,0.00238409252308,0.01329649528959896
2024-04-09,1.18468,1.19239,1.21291,1.15931,93172.0,-0.0008265438658636,0.0055351467478296995
2024-04-10,1.18835,1.18195,1.19736,1.17376,102972.0,0.0030978829726171,0.004594281388800729
2024-04-11,1.19525,1.19085,1.21165,1.17243,172484.0,0.0058063701771362,0.004012107250257534
2024-04-12,1.19866,1.19964,1.20377,1.19432,127499.0,0.0028529596318762,0.003660571779956776
2024-04-15,1.20366,1.19389,1.22573,1.17262,156152.0,0.0041713246458543,0.0022513488812375077
2024-04-16,1.21604,1.19594,1.22789,1.18396,151550.0,0.0102852965123041,0.003435743743825418
2024-04-17,1.21584,1.2271,1.24922,1.20168,144831.0,-0.0001644682740699,0.003751961688363711
2024-04-18,1.22119,1.21931,1.23854,1.20168,110725.0,0.004400250032899,0.003203450208248038
2024-04-19,1.22019,1.2294,1.25092,1.19836,94279.0,-0.0008188733939844,0.0037534432156379445
2024-04-22,1.2284,1.23107,1.24466,1.21401,144170.0,0.006728460321753,0.0038509002970460162
2024-04-23,1.2282,1.24857,1.26649,1.20908,143739.0,-0.0001628134158254,0.0041477102207924405
2024-04-24,1.24113,1.23099,1.24516,1.2269,190169.0,0.0105276013678554,0.004941258519433363
2024-04-25,1.26048,1.23559,1.26493,1.23061,122734.0,0.0155906311184161,0.006232651618140007
2024-04-26,1.23907,1.26243,1.27164,1.2301,170564.0,-0.0169855927900484,0.010445407273299085
2024-04-29,1.26294,1.24806,1.26729,1.2433,163073.0,0.0192644483362522,0.012199408562337432
2024-04-30,1.28373,1.25956,1.30629,1.2402,147475.0,0.0164615896242101,0.012596493927414198
2024-05-01,1.27262,1.27814,1.29174,1.25821,157311.0,-0.0086544678398104,0.013987308906110128
2024-05-02,1.31303,1.25712,1.32691,1.24472,180923.0,0.0317533906429254,0.016871776938304873
2024-05-03,1.31905,1.31485,1.32683,1.30674,119886.0,0.0045848152745939,0.016972889615275558
2024-05-06,1.33008,1.31856,1.34792,1.30081,128008.0,0.0083620787688107,0.016712994668579707
2024-05-07,1.36031,1.32709,1.37351,1.31098,126817.0,0.0227279562131601,0.013273033577426185
2024-05-08,1.35362,1.35435,1.37925,1.33903,130768.0,-0.0049179966331203,0.014603032967260515
2024-05-09,1.34013,1.35435,1.36373,1.32891,187279.0,-0.0099658692986214,0.01601561021499969
2024-05-10,1.33937,1.34476,1.36509,1.31433,136302.0,-0.0005671091610516,0.01502032808666179
2024-05-13,1.34648,1.36317,1.37506,1.33248,112590.0,0.0053084659205446,0.010538682053845675
2024-05-14,1.35703,1.35605,1.36354,1.3499,110396.0,0.0078352444893352,0.01065780137587817
2024-05-15,1.37214,1.35854,1.37941,1.3508,165982.0,0.0111346101412643,0.010891044531201138
2024-05-16,1.40098,1.3731,1.40922,1.3638,177539.0,0.0210182634425057,0.01042347655384729
2024-05-17,1.39612,1.39733,1.40345,1.38952,96270.0,-0.0034690002712386,0.010223212641294221
2024-05-20,1.38586,1.3976,1.40668,1.37784,104737.0,-0.0073489384866629,0.009638427163002216
2024-05-21,1.39535,1.37789,1.40719,1.36448,115872.0,0.006847733537298,0.009347626732729096
2024-05-22,1.40032,1.39623,1.41056,1.38583,137353.0,0.0035618303651412,0.009389384276186947
2024-05-23,1.40438,1.38577,1.40874,1.38198,142554.0,0.0028993372943326,0.009383634386005691
2024-05-24,1.39285,1.41339,1.43128,1.37419,141320.0,-0.0082100286247311,0.01008099825815895
2024-05-27,1.35554,1.40828,1.41428,1.34964,197289.0,-0.0267868040348924,0.011313820278911658
2024-05-28,1.36566,1.35041,1.37504,1.3409,182818.0,0.0074656594419937,0.01222150277462796
2024-05-29,1.36499,1.35699,1.37842,1.34428,148157.0,-0.0004906052751052,0.01209665479533021
2024-05-30,1.39498,1.3558,1.40907,1.34032,146224.0,0.0219708569293548,0.014970534995150664
2024-05-31,1.38321,1.4,1.41962,1.36002,117492.0,-0.0084373969519276,0.015187946032065332
2024-06-03,1.39375,1.3884,1.40496,1.376,186536.0,0.0076199564780474,0.01552496357237921
2024-06-04,1.38679,1.40196,1.40611,1.38296,114498.0,-0.0049937219730942,0.0153216268385964
2024-06-05,1.37615,1.36926,1.39619,1.35218,114892.0,-0.0076723945226025,0.010936153391126774
2024-06-06,1.36152,1.38796,1.39957,1.35131,186423.0,-0.0106311085274133,0.011604916839659097
2024-06-07,1.36923,1.35974,1.37747,1.35043,121108.0,0.0056627886479816,0.011825773176742606
2024-06-10,1.35912,1.37814,1.39468,1.34168,124185.0,-0.0073837120133212,0.007272198172143692
2024-06-11,1.34105,1.37488,1.39085,1.33127,144351.0,-0.013295367590794,0.007996408961983972
2024-06-12,1.34105,1.34686,1.36771,1.32083,145308.0,0.0,0.006461074463086173
2024-06-13,1.34129,1.34545,1.3581,1.32588,104463.0,0.0001789642444354,0.006811378064762323
2024-06-14,1.35019,1.3382,1.36464,1.32299,125505.0,0.0066354032312176,0.007850320980584413
2024-06-17,1.34978,1.34789,1.357,1.33975,144895.0,-0.0003036609662343,0.0070376487161486045
2024-06-18,1.36107,1.36259,1.36699,1.35593,104945.0,0.0083643260383172,0.0075342367849839265
2024-06-19,1.37449,1.35925,1.39009,1.34183,99879.0,0.0098598896456463,0.00784648769313878
2024-06-20,1.36524,1.38219,1.40165,1.34476,149255.0,-0.0067297688597225,0.005920441369956694
2024-06-21,1.36665,1.37091,1.39368,1.34572,128433.0,0.0010327854443175,0.005858199883408288
2024-06-24,1.37669,1.37822,1.39759,1.35677,175263.0,0.0073464310540372,0.005965502463225675
2024-06-25,1.3856,1.39414,1.40609,1.37278,163610.0,0.0064720452679978,0.005952610111256936
2024-06-26,1.38595,1.39148,1.40913,1.36495,90342.0,0.000252598152425,0.005893356456379419
2024-06-27,1.40957,1.3948,1.4235,1.38115,141798.0,0.017042461849273,0.007661214510386057
2024-06-28,1.40544,1.42472,1.43224,1.39646,113124.0,-0.0029299715516079,0.007842966140416322
2024-07-01,1.40203,1.41044,1.41989,1.39134,133642.0,-0.0024262864298724,0.007063702173980805
2024-07-02,1.40871,1.39341,1.42661,1.37157,174903.0,0.0047645200174031,0.006957682790320191
2024-07-03,1.40678,1.42257,1.42885,1.40096,153082.0,-0.0013700477742047,0.0071124468011965454
2024-07-04,1.39039,1.4091,1.42451,1.37399,133678.0,-0.0116507200841637,0.008787875702565779
2024-07-05,1.4109,1.40419,1.42447,1.39241,144741.0,0.0147512568416057,0.010292483393761608
2024-07-08,1.413,1.3868,1.4199,1.37835,175595.0,0.0014884116521369,0.008099562843079739
2024-07-09,1.43224,1.4264,1.43837,1.41957,196578.0,0.0136164189667373,0.009299711123950205
2024-07-10,1.45589,1.43819,1.46674,1.43336,193872.0,0.0165125956543594,0.010252612209273999
2024-07-11,1.43451,1.45659,1.46674,1.4251,174548.0,-0.0146851753909978,0.012789328083614167
2024-07-12,1.44635,1.44349,1.46819,1.42262,103197.0,0.0082536894131097,0.01280039798513842
2024-07-15,1.43866,1.45736,1.46334,1.43237,119791.0,-0.0053168320254433,0.01168125176147432
2024-07-16,1.44408,1.44631,1.46185,1.42872,178864.0,0.0037673946589187,0.01085292389014409
2024-07-17,1.456,1.4521,1.46124,1.44643,192019.0,0.0082543903384852,0.010957516130146228
2024-07-18,1.44318,1.44857,1.46647,1.42218,192019.0,-0.0088049450549451,0.011071493536170146
2024-07-19,1.42591,1.43316,1.45174,1.40608,171753.0,-0.0119666292492965,0.009618362077499908
2024-07-22,1.42618,1.41139,1.4438,1.39297,146514.0,0.0001893527641996,0.008113421344679862
2024-07-23,1.46241,1.43807,1.46644,1.4332,241340.0,0.0254035255016897,0.012634080444995555
2024-07-24,1.45393,1.45984,1.47372,1.43859,137574.0,-0.0057986474381329,0.012679570839845247
2024-07-25,1.46005,1.44976,1.47237,1.43859,166588.0,0.0042092810520453,0.012693381431961274
2024-07-26,1.4584,1.46092,1.47256,1.44779,104493.0,-0.0011300982843054,0.012369927327703907
2024-07-29,1.46734,1.46559,1.48726,1.44679,131860.0,0.0061300054854636,0.011813177848879556
2024-07-30,1.47906,1.45736,1.48478,1.45217,193181.0,0.0079872422206168,0.010032403596173897
2024-07-31,1.47098,1.47978,1.48674,1.46454,139387.0,-0.0054629291577082,0.010715067612465467
2024-08-01,1.46625,1.48443,1.50692,1.44544,125543.0,-0.0032155433792436,0.005673320933030445
2024-08-02,1.47419,1.46094,1.49533,1.44002,154946.0,0.0054151747655581,0.005198436255897145
2024-08-05,1.48174,1.49456,1.5162,1.46032,165247.0,0.0051214565286701,0.00527420714251454
2024-08-06,1.48901,1.49034,1.51282,1.46118,172521.0,0.0049063938342759,0.005146028521345298
2024-08-07,1.51364,1.48549,1.52316,1.47479,163574.0,0.0165411917985776,0.0072723622046456035
2024-08-08,1.5396,1.51918,1.55167,1.50604,202477.0,0.0171507095478449,0.008696258814111455
2024-08-09,1.52575,1.52687,1.5473,1.5173,185726.0,-0.0089958430761237,0.00952089752989591
2024-08-12,1.53382,1.52687,1.53813,1.52208,140706.0,0.0052892020317876,0.008769895521610326
2024-08-13,1.53899,1.53151,1.55263,1.51609,109643.0,0.0033706693093062,0.008845368229135335
2024-08-14,1.53553,1.53832,1.54522,1.52725,134695.0,-0.0022482277337734,0.009415054300565535
2024-08-15,1.52512,1.53743,1.54577,1.51642,150985.0,-0.0067794181813445,0.010444160785488703
2024-08-16,1.50803,1.51899,1.52705,1.50113,120490.0,-0.0112056756189676,0.009910615307192113
2024-08-19,1.51255,1.5049,1.52593,1.49154,173442.0,0.0029972878523636,0.006604511513317863
2024-08-20,1.51477,1.52303,1.53037,1.50782,133735.0,0.0014677200753694,0.006053079750866417
2024-08-21,1.52416,1.51368,1.54714,1.48857,134762.0,0.0061989608983541,0.006218515000192021
2024-08-22,1.52713,1.54464,1.55686,1.51333,102632.0,0.0019486143187068,0.006077935965816077
2024-08-23,1.54157,1.53462,1.5605,1.51205,100418.0,0.0094556455573526,0.007210147335372308
2024-08-26,1.55988,1.53875,1.58253,1.51201,151398.0,0.0118775015082026,0.0074781985660427016
2024-08-27,1.55552,1.55882,1.56526,1.54998,103833.0,-0.0027950868015488,0.005050341729136234
2024-08-28,1.55194,1.54972,1.57224,1.53217,136445.0,-0.0023014811767125,0.005664183020565324
2024-08-29,1.57125,1.55606,1.59312,1.53078,130019.0,0.0124424913334277,0.006414700395247373
2024-08-30,1.56153,1.57101,1.59097,1.54232,185961.0,-0.0061861575178997,0.007693435026173025
2024-09-02,1.58571,1.56076,1.59053,1.55558,194573.0,0.0154848129718929,0.00885450184190359
2024-09-03,1.61542,1.59501,1.63008,1.57703,150868.0,0.0187360866741082,0.010157436652126785
2024-09-04,1.6098,1.60979,1.63133,1.58731,168534.0,-0.0034789714130072,0.010517673872955857
2024-09-05,1.61041,1.60702,1.63116,1.58832,149974.0,0.0003789290595104,0.010211841482766238
2024-09-06,1.61537,1.60413,1.63332,1.58474,100757.0,0.0030799610037195,0.00976227109498173
2024-09-09,1.59289,1.6148,1.63445,1.57038,139757.0,-0.0139163163857196,0.01166255413061145
2024-09-10,1.62541,1.59195,1.63418,1.58177,141353.0,0.0204157223662651,0.012821693275006702
2024-09-11,1.58554,1.62591,1.6397,1.56922,233691.0,-0.0245291957106207,0.016252454616659574
2024-09-12,1.58247,1.59395,1.59839,1.5781,130325.0,-0.0019362488489724,0.014027149285316155
2024-09-13,1.5738,1.59352,1.60637,1.55785,97801.0,-0.0054787768488502,0.014062292426729926
2024-09-16,1.60883,1.58544,1.61331,1.58275,211848.0,0.0222582284915491,0.017082282977153255
2024-09-17,1.60868,1.59808,1.62476,1.58275,153717.0,-9.32354568226046e-05,0.017028474974013427
2024-09-18,1.57871,1.61415,1.63578,1.55317,210613.0,-0.0186301812666285,0.017727764786829334
2024-09-19,1.58771,1.57845,1.60212,1.5608,156333.0,0.0057008570288399,0.015474710624707603
2024-09-20,1.59282,1.58759,1.6093,1.56759,175281.0,0.0032184718871834,0.01235258369926576
2024-09-23,1.6182,1.58096,1.62373,1.57481,215003.0,0.0159340038422421,0.013505010617163285
2024-09-24,1.58122,1.63672,1.65506,1.55902,236037.0,-0.0228525522185144,0.016618932454894764
2024-09-25,1.60086,1.56886,1.6223,1.54692,145754.0,0.0124207890110168,0.014819551284187446
2024-09-26,1.62265,1.59805,1.63326,1.58584,144750.0,0.0136114338543031,0.015774400680701565
2024-09-27,1.60818,1.62741,1.63537,1.59836,166842.0,-0.0089175114781375,0.014058560888035134
2024-09-30,1.58809,1.60906,1.62705,1.56679,124495.0,-0.0124923826934795,0.01506373926113086
2024-10-01,1.57378,1.58125,1.59813,1.55902,116779.0,-0.0090108243235584,0.015352476272289244
2024-10-02,1.59398,1.58186,1.60906,1.56702,107007.0,0.0128353391198261,0.014796747652898908
2024-10-03,1.5559,1.6093,1.62467,1.5378,138810.0,-0.0238898856949271,0.015042864537788555
2024-10-04,1.54446,1.55188,1.56476,1.53178,179827.0,-0.0073526576258114,0.013628464587765197
2024-10-07,1.55856,1.54617,1.58092,1.52238,114484.0,0.0091294044520415,0.012678839672914357
2024-10-08,1.57956,1.5427,1.59649,1.5253,166138.0,0.0134739759778257,0.014427360027172088
2024-10-09,1.57012,1.57827,1.601,1.54184,182648.0,-0.0059763478437033,0.01387266377374364
2024-10-10,1.58735,1.57471,1.59402,1.56866,197809.0,0.0109736835401117,0.01413324851234409
2024-10-11,1.57544,1.58856,1.5937,1.57053,141541.0,-0.0075030711563297,0.01344354057580103
2024-10-14,1.56426,1.56416,1.56845,1.56052,184296.0,-0.0070964302036256,0.009808087331456921
2024-10-15,1.55674,1.55601,1.56336,1.54885,134701.0,-0.0048073849615792,0.009497434767957884
2024-10-16,1.55604,1.55595,1.57606,1.53883,164979.0,-0.0004496576178423,0.008825917413421853
2024-10-17,1.51839,1.55463,1.57046,1.50322,189829.0,-0.0241960360916172,0.010437539916757147
2024-10-18,1.49745,1.52141,1.53142,1.4883,165594.0,-0.01379092328058,0.010894970425320897
2024-10-21,1.45936,1.50066,1.50667,1.45324,177120.0,-0.0254365755117031,0.009676687700404136
2024-10-22,1.46312,1.45781,1.48546,1.43003,123317.0,0.0025764718780836,0.011086731630877505
2024-10-23,1.4752,1.454,1.49753,1.42661,143672.0,0.0082563289408934,0.01318283756705597
2024-10-24,1.48992,1.48306,1.50964,1.46444,130488.0,0.0099783080260302,0.01490148174599635
2024-10-25,1.46246,1.49777,1.507,1.45245,160685.0,-0.01843051975945,0.01529919818085295
2024-10-28,1.4608,1.46326,1.48578,1.43614,98420.0,-0.0011350737797957,0.013823066730214818
2024-10-29,1.4456,1.46445,1.47994,1.42985,196789.0,-0.0104052573932093,0.01353788853757215
2024-10-30,1.42979,1.45063,1.47087,1.40646,205583.0,-0.0109366353071389,0.010689003058247805
2024-10-31,1.42379,1.454,1.47654,1.39923,183574.0,-0.0041964204533533,0.010416801809808572
2024-11-01,1.4109,1.43206,1.45388,1.39112,102739.0,-0.0090533013997849,0.00902926386913404
2024-11-04,1.43454,1.41117,1.45457,1.39142,189034.0,0.0167552625983413,0.011175264450745868
2024-11-05,1.42136,1.42345,1.43645,1.40688,147529.0,-0.0091876141480892,0.009837133073448126
2024-11-06,1.41419,1.4143,1.42439,1.40344,168736.0,-0.0050444644565766,0.009756512783459285
2024-11-07,1.41632,1.41319,1.42712,1.40212,100090.0,0.0015061625382728,0.009609065562626584
2024-11-08,1.42141,1.41382,1.43822,1.39686,183319.0,0.0035938206055128,0.009136295701203409
2024-11-11,1.42662,1.41897,1.44682,1.39832,100989.0,0.003665374522481,0.009132955453429509
2024-11-12,1.41833,1.42875,1.43677,1.41026,128946.0,-0.005810937740954,0.008647711004441686
2024-11-13,1.42643,1.41569,1.44377,1.39484,162928.0,0.0057109417413436,0.005779747191182548
2024-11-14,1.43506,1.43476,1.45364,1.41565,129960.0,0.0060500690535112,0.004893699498116298
2024-11-15,1.44907,1.42934,1.4604,1.41764,155946.0,0.0097626580073306,0.004853126702965502
2024-11-18,1.45196,1.46463,1.48894,1.4364,119898.0,0.0019943826040149,0.004823165175532948
2024-11-19,1.46942,1.4759,1.48894,1.45531,151858.0,0.0120251246590814,0.005787456270711829
2024-11-20,1.45411,1.46527,1.4758,1.44504,184215.0,-0.010419076914701,0.008186855023477914
2024-11-21,1.47661,1.44864,1.49818,1.42592,198149.0,0.0154733823438391,0.008422596652287126
2024-11-22,1.49284,1.48442,1.49988,1.47749,173174.0,0.0109913924462112,0.008646809830883641
2024-11-25,1.50099,1.50091,1.5198,1.48395,175677.0,0.0054593928351331,0.008655424945134422
2024-11-26,1.51108,1.50597,1.53263,1.47944,176050.0,0.0067222299948699,0.008538123574426501
2024-11-27,1.52937,1.51914,1.53397,1.51469,176050.0,0.0121039256690578,0.008595511485441075
2024-11-28,1.54574,1.51795,1.5515,1.51253,152136.0,0.0107037538332777,0.008492943494235064
2024-11-29,1.52846,1.53968,1.55667,1.50835,206126.0,-0.0111791116229119,0.008757813446030578
2024-12-02,1.54944,1.53375,1.55704,1.52509,165508.0,0.0137262342488517,0.008503334303069774
2024-12-03,1.55431,1.55241,1.57136,1.53602,103295.0,0.0031430710450228,0.0083956992109381
2024-12-04,1.63306,1.55735,1.64978,1.53717,157221.0,0.0506655686446075,0.018897797203532744
2024-12-05,1.64176,1.63216,1.648,1.62468,126891.0,0.0053274221400316,0.018973237372413618
2024-12-06,1.62185,1.62753,1.64348,1.60686,156876.0,-0.0121272293148816,0.021061555596960074
2024-12-09,1.59978,1.61895,1.62317,1.5959,146021.0,-0.0136079168850387,0.02260633585696258
2024-12-10,1.60936,1.61424,1.63259,1.59055,154523.0,0.0059883233944666,0.02144270882467556
2024-12-11,1.633,1.60448,1.6551,1.58237,155330.0,0.0146890689466621,0.02149167877738872
2024-12-12,1.60249,1.59838,1.65618,1.58672,160090.0,-0.018683404776485,0.02373368739300665
2024-12-13,1.59667,1.59838,1.61873,1.57141,96082.0,-0.0036318479366485,0.01228200263143274
2024-12-16,1.6201,1.60599,1.63188,1.59235,155553.0,0.0146742908678687,0.013774564927833455
2024-12-17,1.61423,1.63516,1.65332,1.59587,174684.0,-0.0036232331337572,0.013070405900538916
2024-12-18,1.6529,1.60638,1.67545,1.58358,124902.0,0.0239556940460776,0.014475022264990159
2024-12-19,1.6689,1.65918,1.68971,1.6345,156161.0,0.0096799564401959,0.014593699341942091
2024-12-20,1.69622,1.65008,1.71082,1.63518,116779.0,0.0163700641140871,0.014786611897069426
2024-12-23,1.68389,1.68503,1.6916,1.67666,164865.0,-0.0072691042435533,0.012046274194820973
2024-12-24,1.72258,1.68357,1.73348,1.67095,120564.0,0.022976560226618,0.012267570365334173
2024-12-25,1.73953,1.72913,1.74466,1.72368,137671.0,0.0098398913258019,0.012159637462673857
2024-12-26,1.74838,1.73982,1.76354,1.72599,98388.0,0.0050875811282358,0.010878398754423792
2024-12-27,1.76437,1.75124,1.76922,1.74645,124602.0,0.0091456090781179,0.009395896582002811
2024-12-30,1.77015,1.77083,1.77693,1.76332,102533.0,0.0032759568571216,0.00967229662867316
2024-12-31,1.79569,1.77136,1.81846,1.75101,128267.0,0.0144281558060053,0.009433500512387552
2025-01-01,1.79269,1.80245,1.82227,1.77374,108422.0,-0.0016706669859497,0.008036060080481135
2025-01-02,1.78605,1.80425,1.8207,1.76635,162694.0,-0.0037039309640819,0.006486600452637001
2025-01-03,1.77995,1.78344,1.7894,1.77464,103798.0,-0.0034153579127124,0.006832048404174238
2025-01-06,1.77995,1.76631,1.79227,1.75312,163248.0,0.0,0.006881461196547089
2025-01-07,1.77645,1.76795,1.78139,1.76259,176409.0,-0.001966347369308,0.006377682307874654
2025-01-08,1.74198,1.77037,1.78481,1.72586,206085.0,-0.0194038672633622,0.009843496641923398
2025-01-09,1.75246,1.72194,1.76487,1.70861,112964.0,0.006016142550431,0.007761756270964902
2025-01-10,1.73203,1.75928,1.77763,1.71076,148132.0,-0.0116578980404687,0.008280906885491277
2025-01-13,1.71821,1.74644,1.75057,1.71322,98223.0,-0.007979076574886,0.008337523364925409
2025-01-14,1.70615,1.71174,1.72327,1.69411,166107.0,-0.0070189324936997,0.008299482478616732
2025-01-15,1.70912,1.69453,1.73133,1.66915,175469.0,0.0017407613633033,0.008532095418090661
2025-01-16,1.67427,1.72734,1.74947,1.63555,122555.0,-0.0203906103725893,0.009901320127831886
2025-01-17,1.64975,1.67352,1.68793,1.63555,216100.0,-0.0146451886493814,0.009153817957012299
2025-01-20,1.67319,1.65165,1.68653,1.63627,112761.0,0.0142082133656613,0.011438865452276174
2025-01-21,1.68384,1.68092,1.69968,1.66465,125369.0,0.006365087049289,0.012102605351688023
2025-01-22,1.70041,1.68447,1.71603,1.66777,129028.0,0.009840602432535,0.012960052101833642
2025-01-23,1.69229,1.70022,1.71794,1.67431,164553.0,-0.0047753188936785,0.012825385699070912
2025-01-24,1.70454,1.69767,1.71918,1.6842,116776.0,0.0072387120410803,0.013191036667357457
2025-01-27,1.69887,1.70306,1.7106,1.68999,167260.0,-0.0033264106445139,0.01006838556021271
2025-01-28,1.69177,1.69476,1.71607,1.66591,114803.0,-0.0041792485593366,0.007648516979564918
2025-01-29,1.6665,1.68025,1.69561,1.65149,142490.0,-0.0149370186254632,0.00877653856376978
2025-01-30,1.666,1.66883,1.6788,1.65364,111196.0,-0.0003000300030003,0.008248323821102358
2025-01-31,1.66362,1.65575,1.66832,1.651,173960.0,-0.0014285714285713,0.006603789389501138
2025-02-03,1.63313,1.65851,1.66805,1.62139,174789.0,-0.0183275026748898,0.0087983183153791
2025-02-04,1.62162,1.65258,1.66941,1.60536,154862.0,-0.0070478161567051,0.006936023095307964
2025-02-05,1.57181,1.61546,1.6201,1.56607,130351.0,-0.0307161973828641,0.011001244493252271
2025-02-06,1.55787,1.59196,1.59703,1.55182,109281.0,-0.0088687564018551,0.01065463456513154
2025-02-07,1.57352,1.56493,1.59501,1.53808,101013.0,0.0100457676186074,0.013243917996990826
2025-02-10,1.57239,1.58621,1.602,1.55377,117877.0,-0.0007181351365093,0.013203802505798267
2025-02-11,1.58179,1.57726,1.60296,1.55676,131513.0,0.0059781606344482,0.014098796363724757
2025-02-12,1.60664,1.56593,1.623,1.54815,216026.0,0.015710050006638,0.015389105317275373
2025-02-13,1.61761,1.60551,1.64022,1.57792,160438.0,0.0068279141562515,0.015557978473455617
2025-02-14,1.59617,1.60454,1.61789,1.58337,152851.0,-0.0132541218216998,0.010405268386016527
2025-02-17,1.61302,1.59047,1.62142,1.58322,155164.0,0.0105565196689574,0.009497762039292378
2025-02-18,1.60538,1.62829,1.637,1.5971,140325.0,-0.0047364570805072,0.009831791153290003
2025-02-19,1.5761,1.60456,1.61567,1.56359,217404.0,-0.0182386724638403,0.01271616134254033
2025-02-20,1.57503,1.56718,1.58258,1.55945,127884.0,-0.0006788909333165,0.012476673665639204
2025-02-21,1.59806,1.57534,1.59933,1.56323,124299.0,0.0146219437090087,0.0122450338439852
2025-02-24,1.59806,1.58723,1.61811,1.56926,166327.0,0.0,0.01180961564375179
2025-02-25,1.56716,1.60448,1.61303,1.5572,120182.0,-0.01933594483311,0.0129701119769748
2025-02-26,1.57019,1.57849,1.5918,1.55746,168610.0,0.0019334337272518,0.011882308148596294
2025-02-27,1.59343,1.55983,1.60304,1.54901,197827.0,0.0148007565963355,0.013764655071281013
2025-02-28,1.58236,1.58538,1.6025,1.56415,153905.0,-0.0069472772572374,0.011947439847527308
2025-03-03,1.58571,1.56775,1.59423,1.55764,163054.0,0.0021170909274754,0.011943213794635102
2025-03-04,1.59057,1.59885,1.60464,1.58534,140279.0,0.0030648731483058,0.010457015495888696
2025-03-05,1.59797,1.61319,1.63039,1.58175,105237.0,0.0046524202015629,0.010649357480840085
2025-03-06,1.62494,1.59439,1.62978,1.58969,167958.0,0.0168776635356109,0.0081764977473334
2025-03-07,1.63263,1.62336,1.65252,1.59867,145005.0,0.0047324824301204,0.008056885554597026
2025-03-10,1.61203,1.62998,1.65124,1.59065,138904.0,-0.0126176782247049,0.009399311169793657
2025-03-11,1.59722,1.60952,1.6232,1.58176,117816.0,-0.0091871739359689,0.00977332807289244
2025-03-12,1.60771,1.59394,1.62182,1.57764,138483.0,0.0065676613115286,0.009972231143932147
2025-03-13,1.57696,1.61015,1.62128,1.56332,129696.0,-0.0191265837744369,0.012728521953572332
2025-03-14,1.58364,1.58213,1.59763,1.56608,126320.0,0.0042359983766233,0.012697779726802371
2025-03-17,1.59202,1.59267,1.61116,1.57362,106152.0,0.0052916066782855,0.010513282338653333
2025-03-18,1.60742,1.58945,1.61874,1.57954,164566.0,0.0096732453109886,0.011249014127321783
2025-03-19,1.60761,1.61358,1.61962,1.60066,165805.0,0.0001182018389718,0.010263637031626794
2025-03-20,1.61555,1.59744,1.6278,1.58496,165805.0,0.0049390088392085,0.009603226762494858
2025-03-21,1.6104,1.6099,1.63208,1.58573,99905.0,-0.0031877688712822,0.009481320239969112
2025-03-24,1.60448,1.62268,1.64243,1.58492,178745.0,-0.0036761053154497,0.004905393718670627
2025-03-25,1.62385,1.59293,1.62953,1.58637,198148.0,0.0120724471479856,0.006116363929064463
2025-03-26,1.62035,1.61053,1.62788,1.60368,157405.0,-0.0021553714936725,0.006414370586521942
2025-03-27,1.62903,1.61075,1.64588,1.59581,123934.0,0.0053568673434751,0.005791651682364286
2025-03-28,1.64739,1.62633,1.66985,1.60017,170464.0,0.011270510671995,0.006678202260992331
2025-03-31,1.67163,1.65461,1.67986,1.64614,187164.0,0.0147141842550944,0.007929826778319875
2025-04-01,1.69219,1.67098,1.71158,1.65155,147048.0,0.012299372468788,0.007438053032580647
2025-04-02,1.6841,1.70759,1.72166,1.67013,183627.0,-0.0047807870274615,0.007712106650534987
2025-04-03,1.66341,1.69305,1.7131,1.64194,171025.0,-0.0122854937355263,0.010138632542794146
2025-04-04,1.65771,1.66612,1.68511,1.63705,181661.0,-0.0034266957635219,0.01026715549678151
2025-04-07,1.64902,1.67219,1.67684,1.64385,110225.0,-0.0052421714292608,0.010687388171523227
2025-04-08,1.64459,1.64543,1.66531,1.62172,118431.0,-0.0026864440698111,0.009897200158729792
2025-04-09,1.63706,1.62,1.64322,1.61388,180622.0,-0.0045786487817632,0.007430225016300529
2025-04-10,1.63069,1.6305,1.66472,1.61143,158608.0,-0.0038911218892404,0.003212191851724297
2025-04-11,1.60248,1.6305,1.63642,1.59663,163528.0,-0.0172994253966113,0.005537506766905079
2025-04-14,1.60137,1.62114,1.62563,1.59651,93755.0,-0.0006926763516549,0.00544653918783327
2025-04-15,1.62018,1.61536,1.62725,1.60761,159129.0,0.0117461923228234,0.008517365920572516
2025-04-16,1.63855,1.6226,1.65386,1.60424,124339.0,0.0113382463676874,0.010036165232740627
2025-04-17,1.6974,1.63195,1.71034,1.61656,253095.0,0.0359159012541576,0.017034696624323085
2025-04-18,1.70285,1.71662,1.72373,1.6954,129764.0,0.0032107929774949,0.01657983938635476
2025-04-21,1.68647,1.70568,1.72544,1.6693,171590.0,-0.0096191678656371,0.0172629025339512
2025-04-22,1.67527,1.70859,1.72218,1.66085,185867.0,-0.0066410905619429,0.01533670632600111
2025-04-23,1.70724,1.67312,1.71499,1.66382,165571.0,0.019083491019358,0.01561725706291737
2025-04-24,1.70983,1.69906,1.71515,1.69429,90712.0,0.0015170684848058,0.0158263640687007
2025-04-25,1.72992,1.72159,1.74272,1.70827,158917.0,0.0117497061111337,0.015842324508686747
2025-04-28,1.73012,1.72878,1.74221,1.71468,132425.0,0.0001156122826491,0.009980272435945856
2025-04-29,1.73973,1.73066,1.74863,1.72128,120654.0,0.0055545280096178,0.010036532524294522
2025-04-30,1.75447,1.75824,1.77693,1.73156,145278.0,0.0084725790783626,0.008410406457145005
2025-05-01,1.76767,1.75475,1.78162,1.73784,152041.0,0.0075236396176623,0.006415666436917617
2025-05-02,1.74634,1.7663,1.78835,1.71906,172297.0,-0.0120667319126307,0.007858360303898094
2025-05-05,1.74213,1.747,1.75875,1.72896,127704.0,-0.0024107562101309,0.008139315357443751
2025-05-06,1.7889,1.73647,1.80131,1.72507,222366.0,0.0268464465912416,0.012013320640576882
2025-05-07,1.78937,1.7866,1.82816,1.77421,102463.0,0.0002627312873832,0.012003757507749383
2025-05-08,1.81788,1.7909,1.82816,1.78216,128781.0,0.015932981999251,0.012720066733223748
2025-05-09,1.81607,1.8206,1.83032,1.80566,150885.0,-0.0009956652804364,0.012959856079373434
2025-05-12,1.78832,1.81496,1.82555,1.77561,169814.0,-0.0152802480080614,0.014938665500153724
2025-05-13,1.76967,1.76466,1.78604,1.74488,141876.0,-0.0104287823208373,0.014696947601527356
2025-05-14,1.73486,1.77151,1.7862,1.71957,118027.0,-0.0196703340170766,0.016848504617931945
2025-05-15,1.69312,1.77244,1.78343,1.67942,193664.0,-0.0240595782945022,0.01380027618053726
2025-05-16,1.68546,1.69316,1.70175,1.67588,96414.0,-0.004524192024192,0.013451328186191457
2025-05-19,1.66839,1.6863,1.69329,1.66,124200.0,-0.0101277989391619,0.008142642464915589
2025-05-20,1.63744,1.67068,1.67968,1.62887,219305.0,-0.0185508184537188,0.006710157476320081
2025-05-21,1.61992,1.64769,1.65769,1.60955,204724.0,-0.0106996286886847,0.006861585608713454
2025-05-22,1.60697,1.63608,1.65832,1.58399,119831.0,-0.0079942219368858,0.007129746532931121
2025-05-23,1.61647,1.60648,1.62415,1.59783,106098.0,0.0059117469523388,0.009647841536123527
2025-05-26,1.62664,1.6269,1.64749,1.60362,145114.0,0.0062914870056356,0.009083075248983292
2025-05-27,1.62926,1.62487,1.64492,1.60557,130324.0,0.00161068214233,0.009498581727520494
2025-05-28,1.64947,1.62191,1.66026,1.61272,130227.0,0.0124044044535556,0.011076619431798941
2025-05-29,1.65201,1.66018,1.68298,1.63233,178611.0,0.0015398885702679,0.008165154512441694
2025-05-30,1.65853,1.65247,1.67605,1.63211,152345.0,0.0039467073443866,0.006225439548891135
2025-06-02,1.64271,1.66229,1.66715,1.63762,130804.0,-0.0095385672854878,0.006704907349388619
2025-06-03,1.63383,1.6633,1.67127,1.62532,109026.0,-0.0054057015541392,0.007273076997924462
2025-06-04,1.63685,1.63811,1.64284,1.63229,91656.0,0.0018484175220188,0.006978200923688887
2025-06-05,1.6353,1.62089,1.63974,1.6169,133735.0,-0.0009469407703821,0.0070026268316746455
2025-06-06,1.6693,1.64613,1.67705,1.63935,206997.0,0.0207912921176542,0.009603466694941741
2025-06-09,1.68511,1.65704,1.69596,1.64675,186993.0,0.0094710357634937,0.010033089408613539
2025-06-10,1.703,1.67776,1.71803,1.66436,195825.0,0.0106165176160606,0.010458856262154509
2025-06-11,1.70863,1.71358,1.7333,1.68731,168356.0,0.0033059307105107,0.00870074477915262
2025-06-12,1.7229,1.7025,1.73797,1.68872,107474.0,0.0083517203841674,0.007208065656314603
2025-06-13,1.75379,1.72386,1.77277,1.70633,173979.0,0.0179290730744674,0.007608239847981887
2025-06-16,1.75319,1.74918,1.75773,1.74408,94056.0,-0.0003421162168788,0.00746622017780183
2025-06-17,1.7795,1.76929,1.79674,1.74838,149477.0,0.0150069302243338,0.00630486876584022
2025-06-18,1.76793,1.77629,1.78179,1.7632,129716.0,-0.0065018263557179,0.008643462560551587
2025-06-19,1.72951,1.77612,1.78356,1.72306,119258.0,-0.02173162964597,0.013572892145677992
2025-06-20,1.75073,1.71931,1.75905,1.71218,179477.0,0.0122693710935466,0.014097571018198984
2025-06-23,1.77125,1.76595,1.78583,1.75053,130871.0,0.0117208250272744,0.01434344657889316
2025-06-24,1.79054,1.78157,1.80295,1.76643,202292.0,0.0108906139731828,0.013425698122656045
2025-06-25,1.7769,1.79862,1.81789,1.7604,107714.0,-0.007617813620472,0.014000899485432728
2025-06-26,1.77724,1.77711,1.78787,1.76578,165857.0,0.0001913444763352,0.012773926125626896
2025-06-27,1.80338,1.7793,1.81764,1.80834,190461.0,0.0147081992302671,0.013500317888069555
2025-06-30,1.82145,1.81878,1.83144,1.80834,172713.0,0.0100200734176933,0.008086179335394093
2025-07-01,1.81465,1.82353,1.83214,1.80581,154753.0,-0.0037332894122813,0.008734251784740549
2025-07-02,1.80497,1.80346,1.81733,1.78969,107234.0,-0.0053343619981814,0.008977268325823608
2025-07-03,1.81233,1.806,1.8208,1.79564,159354.0,0.0040776300991152,0.008288207938408402
2025-07-04,1.8101,1.80231,1.82876,1.78613,160949.0,-0.0012304602362703,0.007386389285722607
2025-07-07,1.80599,1.81329,1.83475,1.78305,168207.0,-0.002270592784929,0.00758022376060503
2025-07-08,1.79239,1.78972,1.81316,1.76846,110463.0,-0.007530495739179,0.0060229335764088125
2025-07-09,1.79519,1.79594,1.80716,1.78482,139595.0,0.0015621600209776,0.003978493804144542
2025-07-10,1.80754,1.80479,1.81403,1.79759,190533.0,0.0068794946495913,0.005100890046019993
2025-07-11,1.8052,1.81898,1.82808,1.79711,164583.0,-0.0012945771601181,0.004680517204873438
2025-07-14,1.81591,1.81396,1.822,1.80817,147660.0,0.0059328606248614,0.0049903428689970905
2025-07-15,1.80369,1.81738,1.82339,1.79761,119057.0,-0.0067294083957905,0.005658187914033907
2025-07-16,1.86611,1.81493,1.88644,1.78952,211901.0,0.0346068337685521,0.014298290049340658
2025-07-17,1.87338,1.87227,1.88421,1.8589,140575.0,0.0038958046417414,0.013274893435083387
2025-07-18,1.90309,1.88373,1.92479,1.86312,128374.0,0.0158590355400398,0.013503012977081457
2025-07-21,1.84,1.89335,1.90973,1.82058,158723.0,-0.0331513485962302,0.020789702240421315
2025-07-22,1.80883,1.83351,1.84463,1.79533,137465.0,-0.0169402173913044,0.022094728772031332
2025-07-23,1.79276,1.79887,1.80556,1.77954,178451.0,-0.0088841958614132,0.02219659834406166
2025-07-24,1.75728,1.79887,1.81577,1.73671,231113.0,-0.0197907137597893,0.023222899996578922
2025-07-25,1.68213,1.76856,1.78232,1.66767,198282.0,-0.0427649549303469,0.020299137047542926
2025-07-28,1.66181,1.69814,1.7099,1.65086,113977.0,-0.0120799224792376,0.018717451260587468
2025-07-29,1.69867,1.64866,1.71323,1.63287,175646.0,0.02218063436855,0.02061351219635091
2025-07-30,1.70212,1.71801,1.72285,1.69763,111558.0,0.002031000724096,0.019991243176793513
2025-07-31,1.70786,1.69512,1.72604,1.6794,125394.0,0.0033722651751932,0.020436364999867205
2025-08-01,1.72774,1.69072,1.739,1.6792,197437.0,0.0116402983851136,0.021718940924952634
2025-08-04,1.7106,1.73717,1.75503,1.69532,200765.0,-0.0099204741454155,0.02090838349020632
2025-08-05,1.73392,1.71315,1.74127,1.70543,112744.0,0.0136326435168947,0.012497642121063397
2025-08-06,1.7251,1.71602,1.74321,1.69439,129838.0,-0.0050867398726583,0.011168837502995509
2025-08-07,1.73298,1.70954,1.74834,1.69509,118858.0,0.0045678511390643,0.00840133298543359
2025-08-08,1.69092,1.72593,1.73125,1.68582,123122.0,-0.0242703320292213,0.013302059345559676
2025-08-11,1.67987,1.67524,1.69107,1.66125,113719.0,-0.0065349040758876,0.01330296659876146
2025-08-12,1.67777,1.67894,1.69821,1.65437,178091.0,-0.0012500967336758,0.011869562708989461
2025-08-13,1.64388,1.70184,1.72345,1.61995,178091.0,-0.0201994313880925,0.013260612801704557
2025-08-14,1.60197,1.66662,1.68609,1.58127,136519.0,-0.0254945616468356,0.011992470764339307
2025-08-15,1.54764,1.58864,1.59982,1.53466,210352.0,-0.0339144927807636,0.014282027798427407
2025-08-18,1.5445,1.55012,1.56566,1.52718,173240.0,-0.0020288956087978,0.012903742916322822
2025-08-19,1.53689,1.54377,1.55882,1.5228,95278.0,-0.0049271608934929,0.012968890142631521
2025-08-20,1.54478,1.5195,1.55852,1.50466,158882.0,0.0051337441196182,0.014650960546907201
2025-08-21,1.54507,1.53248,1.54947,1.52742,138687.0,0.0001877289970091,0.014832660779518815
2025-08-22,1.57598,1.53609,1.59161,1.51944,212308.0,0.0200055660908566,0.018323859783709564
2025-08-25,1.5714,1.56295,1.59365,1.54265,169180.0,-0.0029061282503585,0.016150428050428187
2025-08-26,1.57905,1.57989,1.58588,1.57344,175491.0,0.004868270332188,0.008446793615126767
2025-08-27,1.57659,1.5671,1.58129,1.56289,169454.0,-0.0015578987365821,0.008402704274137422
2025-08-28,1.57044,1.57117,1.57656,1.56552,91944.0,-0.0039008239301275,0.008249455375046498
2025-08-29,1.59862,1.58299,1.61743,1.56056,111821.0,0.0179440156898702,0.010005073612318439
2025-09-01,1.6041,1.59309,1.61992,1.57875,135964.0,0.0034279566125785,0.009821363558023483
2025-09-02,1.59919,1.60492,1.62097,1.58254,97468.0,-0.0030609064272801,0.007762561179402582
2025-09-03,1.57353,1.59919,1.61139,1.56152,190822.0,-0.0160456230966925,0.010340152216562372
2025-09-04,1.54826,1.57274,1.59371,1.54817,138778.0,-0.01605943324881,0.011712999922512483
2025-09-05,1.54826,1.57573,1.5853,1.54011,145947.0,0.0,0.011754162979777336
2025-09-08,1.54882,1.53771,1.5539,1.53278,116001.0,0.0003616963559092,0.011781558732317116
2025-09-09,1.56676,1.56636,1.58796,1.54672,174371.0,0.0115830115830115,0.010122718881572451
2025-09-10,1.57835,1.55203,1.59932,1.5337,117509.0,0.0073974316423701,0.010630028681104315
2025-09-11,1.55098,1.58106,1.59856,1.5322,135639.0,-0.0173408939715524,0.012080495455169427
2025-09-12,1.52157,1.54687,1.56128,1.50421,134111.0,-0.0189622045416445,0.012592540255144516
2025-09-15,1.47464,1.52747,1.53615,1.46406,161515.0,-0.0308431422806707,0.015674440338294203
2025-09-16,1.46619,1.47899,1.47407,1.45028,128957.0,-0.005730212119568,0.015405669999751332
2025-09-17,1.46365,1.46159,1.47407,1.45168,92299.0,-0.0017323812057101,0.015243697476071079
2025-09-18,1.42686,1.45046,1.45647,1.42014,124456.0,-0.0251357906603353,0.013636051334435977
2025-09-19,1.41216,1.43555,1.44276,1.40482,200451.0,-0.0103023422059627,0.010450726324256983
2025-09-22,1.37565,1.40414,1.42711,1.35561,150284.0,-0.0258540108769544,0.011143059940237086
2025-09-23,1.35989,1.36264,1.36706,1.35555,191501.0,-0.0114564024279431,0.011276054108345217
2025-09-24,1.37766,1.35194,1.3998,1.33242,190252.0,0.0130672333791703,0.013541115653648189
2025-09-25,1.37577,1.38074,1.39678,1.35631,156363.0,-0.0013718914681417,0.013845059137057572
2025-09-26,1.4027,1.36871,1.42063,1.34753,160557.0,0.0195744928294701,0.017548206691668348
2025-09-29,1.41133,1.41579,1.4202,1.40673,156016.0,0.0061524203322163,0.01573017177385341
2025-09-30,1.39549,1.41106,1.43246,1.37636,164198.0,-0.0112234558891258,0.01582010553997588
2025-10-01,1.42303,1.38971,1.43378,1.38001,121314.0,0.0197350034754817,0.013357396094954867
2025-10-02,1.43614,1.42556,1.45598,1.40729,194664.0,0.0092127362037341,0.011250999023268208
2025-10-03,1.38942,1.43767,1.45018,1.3751,262297.0,-0.0325316473324326,0.0185674064919158
2025-10-06,1.3746,1.3923,1.40005,1.36764,113950.0,-0.0106663211987736,0.019119768145049024
2025-10-07,1.35087,1.38888,1.40757,1.3338,131450.0,-0.0172632038411174,0.017874826201924005
2025-10-08,1.33925,1.34531,1.36117,1.32143,123050.0,-0.008601863983951,0.01716525394921311
2025-10-09,1.33991,1.33952,1.35955,1.31972,175844.0,0.0004928131416837,0.017293540112632826
2025-10-10,1.35939,1.33998,1.37678,1.31972,159663.0,0.0145382898851416,0.016091417106726572
2025-10-13,1.35935,1.36466,1.37274,1.35089,127883.0,-2.942496266711281e-05,0.014934165098539582
2025-10-14,1.34629,1.35123,1.35768,1.34053,128675.0,-0.0096075330121013,0.010417829093784178
2025-10-15,1.36147,1.33536,1.36619,1.32984,197773.0,0.0112754309992646,0.011481697956468695
2025-10-16,1.3487,1.33917,1.36449,1.32294,113994.0,-0.0093795676731767,0.009939551798881133
2025-10-17,1.358,1.35857,1.37797,1.33883,107699.0,0.0068955290279528,0.00946769226683724
2025-10-20,1.34748,1.34194,1.36772,1.32227,131910.0,-0.0077466863033873,0.010175851853190492
2025-10-21,1.38052,1.34996,1.38579,1.345,230161.0,0.0245198444503813,0.012779920836586885
2025-10-22,1.35007,1.38341,1.39129,1.34303,130142.0,-0.0220569060933559,0.0157976272054436
2025-10-23,1.34043,1.35066,1.35804,1.33174,137504.0,-0.0071403704993074,0.015596477324858088
2025-10-24,1.31452,1.335,1.35784,1.29203,186319.0,-0.0193296181076222,0.016023024653355956
2025-10-27,1.31974,1.3284,1.34503,1.30397,104312.0,0.0039710312509508,0.016193376154505734
2025-10-28,1.31099,1.31821,1.32941,1.30051,148707.0,-0.0066300938063557,0.015614683464441287
2025-10-29,1.34148,1.29623,1.35937,1.28073,164494.0,0.0232572330833948,0.01875862007743444
2025-10-30,1.35598,1.34133,1.36548,1.33219,204528.0,0.0108089572710736,0.016262002368159764
2025-10-31,1.3619,1.3587,1.37943,1.34011,150867.0,0.0043658461039248,0.013837001556216642
2025-11-03,1.35502,1.3587,1.36276,1.35155,150615.0,-0.0050517659152655,0.013645123896375375
2025-11-04,1.36654,1.36493,1.38164,1.34816,122072.0,0.0085017195318151,0.010120466094413933
2025-11-05,1.34502,1.3731,1.3782,1.33992,193188.0,-0.0157478010157038,0.012988454920824545
2025-11-06,1.30355,1.3484,1.35813,1.2947,147842.0,-0.0308322552824493,0.01812024980808792
2025-11-07,1.27759,1.29049,1.30381,1.26562,152142.0,-0.0199148479153081,0.015819564288192655
2025-11-10,1.27594,1.28793,1.30884,1.25693,164022.0,-0.0012914941413129,0.014141951179248454
2025-11-11,1.30933,1.28237,1.31623,1.27495,165460.0,0.0261689421132655,0.01902364804680291
2025-11-12,1.32442,1.31946,1.33169,1.31127,147296.0,0.0115249784240794,0.020084047629263965
2025-11-13,1.3231,1.32771,1.3429,1.30614,116854.0,-0.0009966626900832,0.019482667267418746
2025-11-14,1.31408,1.32168,1.33564,1.29671,101465.0,-0.0068173229536694,0.018902650687087505
2025-11-17,1.30541,1.32028,1.3328,1.29412,160319.0,-0.0065977718251551,0.014755180046988864
2025-11-18,1.30105,1.31236,1.32285,1.29188,173875.0,-0.0033399468366259,0.012053830003115188
2025-11-19,1.29443,1.30315,1.31553,1.28064,137123.0,-0.005088197993928,0.012343441032436737
2025-11-20,1.31348,1.29508,1.32735,1.28149,178238.0,0.0147169024203703,0.00890509048154058
2025-11-21,1.28466,1.30607,1.32058,1.27071,167442.0,-0.0219417120930658,0.010777631705675994
2025-11-24,1.30013,1.2754,1.30658,1.26788,194291.0,0.0120420967415504,0.012441045398633466
2025-11-25,1.29286,1.30721,1.31742,1.28397,161196.0,-0.005591748517456,0.012377511358377394
2025-11-26,1.2738,1.2969,1.3083,1.26362,211576.0,-0.0147425088563338,0.013208472480775736
2025-11-27,1.26436,1.26827,1.28223,1.24736,111192.0,-0.0074108965300676,0.013293669232163678
2025-11-28,1.2633,1.2621,1.27376,1.25233,147810.0,-0.0008383688190071,0.013332797553197592
2025-12-01,1.28571,1.25146,1.29341,1.2419,172106.0,0.0177392543338872,0.014046902168056107
