Date,Open,High,Low,Close,Adj Close,Volume
2023-02-16,24.307.349.609,25.134.117.188,23.602.523.438,23.623.474.609,23.623.474.609,39316664596
2023-02-17,23.621.283.203,24.924.041.016,23.460.755.859,24.565.601.563,24.565.601.563,41358451255
2023-02-18,24.565.296.875,24.798.835.938,24.468.373.047,24.641.277.344,24.641.277.344,19625427158
2023-02-19,24.640.027.344,25.093.054.688,24.327.642.578,24.327.642.578,24.327.642.578,25555105670
2023-02-20,24.336.623.047,25.020.458.984,23.927.910.156,24.829.148.438,24.829.148.438,28987376573
2023-02-21,24.833.048.828,25.126.851.563,24.200.363.281,24.436.353.516,24.436.353.516,31252098714
2023-02-22,24.437.417.969,24.472.339.844,23.644.318.359,24.188.843.750,24.188.843.750,30199996781
2023-02-23,24.190.718.750,24.572.089.844,23.693.919.922,23.947.492.188,23.947.492.188,30476264066
2023-02-24,23.946.007.813,24.103.705.078,23.007.072.266,23.198.126.953,23.198.126.953,26811744928
2023-02-25,23.200.125.000,23.210.210.938,22.861.558.594,23.175.375.000,23.175.375.000,16100721565
2023-02-26,23.174.150.391,23.654.367.188,23.084.220.703,23.561.212.891,23.561.212.891,16644534842
2023-02-27,23.561.451.172,23.857.890.625,23.205.878.906,23.522.871.094,23.522.871.094,22660763494
2023-02-28,23.521.837.891,23.585.384.766,23.077.650.391,23.147.353.516,23.147.353.516,20535363434
2023-03-01,23.150.929.688,23.880.632.813,23.088.626.953,23.646.550.781,23.646.550.781,24662841200
2023-03-02,23.647.019.531,23.739.138.672,23.245.021.484,23.475.466.797,23.475.466.797,20386398516
2023-03-03,23.476.632.813,23.479.347.656,22.213.238.281,22.362.679.688,22.362.679.688,26062404610
2023-03-04,22.362.923.828,22.405.177.734,22.198.980.469,22.353.349.609,22.353.349.609,11166012913
2023-03-05,22.354.144.531,22.613.685.547,22.307.142.578,22.435.513.672,22.435.513.672,13317001733
2023-03-06,22.436.816.406,22.584.292.969,22.331.314.453,22.429.757.813,22.429.757.813,17353192895
2023-03-07,22.428.322.266,22.527.417.969,22.011.261.719,22.219.769.531,22.219.769.531,22765452204
2023-03-08,22.216.441.406,22.268.896.484,21.708.050.781,21.718.080.078,21.718.080.078,22536575684
2023-03-09,21.720.080.078,21.802.716.797,20.210.306.641,20.363.021.484,20.363.021.484,30364664171
2023-03-10,20.367.001.953,20.370.595.703,19.628.253.906,20.187.244.141,20.187.244.141,39578257695
2023-03-11,20.187.876.953,20.792.525.391,20.068.660.156,20.632.410.156,20.632.410.156,30180288176
2023-03-12,20.628.029.297,22.185.031.250,20.448.806.641,22.163.949.219,22.163.949.219,29279035521
2023-03-13,22.156.406.250,24.550.837.891,21.918.199.219,24.197.533.203,24.197.533.203,49466362688
2023-03-14,24.201.765.625,26.514.716.797,24.081.183.594,24.746.074.219,24.746.074.219,54622230164
2023-03-15,24.770.925.781,25.240.615.234,23.964.910.156,24.375.960.938,24.375.960.938,43655701450
2023-03-16,24.373.457.031,25.190.326.172,24.225.111.328,25.052.789.063,25.052.789.063,33866061747
2023-03-17,25.055.123.047,27.787.812.500,24.955.169.922,27.423.929.688,27.423.929.688,50730261335
2023-03-18,27.448.117.188,27.725.953.125,26.636.261.719,26.965.878.906,26.965.878.906,35723036817
2023-03-19,26.969.503.906,28.440.560.547,26.907.716.797,28.038.675.781,28.038.675.781,37769448859
2023-03-20,28.041.601.563,28.527.724.609,27.242.880.859,27.767.236.328,27.767.236.328,44774027664
2023-03-21,27.768.392.578,28.439.562.500,27.439.646.484,28.175.816.406,28.175.816.406,36102192830
2023-03-22,28.158.720.703,28.803.335.938,26.759.996.094,27.307.437.500,27.307.437.500,33382021890
2023-03-23,27.301.957.031,28.729.843.750,27.183.363.281,28.333.972.656,28.333.972.656,24220433689
2023-03-24,28.324.111.328,28.388.437.500,27.039.265.625,27.493.285.156,27.493.285.156,25980310960
2023-03-25,27.487.337.891,27.791.826.172,27.196.234.375,27.494.707.031,27.494.707.031,13383005987
2023-03-26,27.495.523.438,28.178.144.531,27.445.046.875,27.994.330.078,27.994.330.078,13878363192
2023-03-27,27.994.068.359,28.037.925.781,26.606.689.453,27.139.888.672,27.139.888.672,18188895178
2023-03-28,27.132.888.672,27.460.718.750,26.677.818.359,27.268.130.859,27.268.130.859,17783600385
2023-03-29,27.267.031.250,28.619.542.969,27.259.662.109,28.348.441.406,28.348.441.406,20684945906
2023-03-30,28.350.140.625,29.159.902.344,27.720.160.156,28.033.562.500,28.033.562.500,22435349951
2023-03-31,28.032.261.719,28.639.896.484,27.583.714.844,28.478.484.375,28.478.484.375,19001327598
2023-04-01,28.473.332.031,28.802.457.031,28.297.171.875,28.411.035.156,28.411.035.156,10876469901
2023-04-02,28.462.845.703,28.518.958.984,27.884.087.891,28.199.308.594,28.199.308.594,12284641999
2023-04-03,28.183.080.078,28.475.623.047,27.276.720.703,27.790.220.703,27.790.220.703,19556501327
2023-04-04,27.795.273.438,28.433.742.188,27.681.304.688,28.168.089.844,28.168.089.844,15284538859
2023-04-05,28.169.726.563,28.739.238.281,27.843.763.672,28.177.984.375,28.177.984.375,17052315986
2023-04-06,28.175.226.563,28.178.384.766,27.738.759.766,28.044.140.625,28.044.140.625,13837809380
2023-04-07,28.038.966.797,28.111.593.750,27.794.031.250,27.925.859.375,27.925.859.375,10861680497
2023-04-08,27.920.513.672,28.159.863.281,27.883.386.719,27.947.794.922,27.947.794.922,9373255556
2023-04-09,27.952.367.188,28.532.830.078,27.828.480.469,28.333.050.781,28.333.050.781,12175322951
2023-04-10,28.336.027.344,29.771.464.844,28.189.271.484,29.652.980.469,29.652.980.469,19282400094
2023-04-11,29.653.679.688,30.509.083.984,29.609.300.781,30.235.058.594,30.235.058.594,20121259843
2023-04-12,30.231.582.031,30.462.480.469,29.725.574.219,30.139.052.734,30.139.052.734,18651929926
2023-04-13,29.892.740.234,30.539.845.703,29.878.623.047,30.399.066.406,30.399.066.406,17487721001
2023-04-14,30.409.562.500,31.005.607.422,30.044.498.047,30.485.699.219,30.485.699.219,22659995079
2023-04-15,30.490.750.000,30.601.740.234,30.245.882.813,30.318.496.094,30.318.496.094,11940685378
2023-04-16,30.315.976.563,30.555.537.109,30.157.832.031,30.315.355.469,30.315.355.469,12854816417
2023-04-17,30.317.146.484,30.319.197.266,29.275.371.094,29.445.044.922,29.445.044.922,17872186762
2023-04-18,29.449.091.797,30.470.302.734,29.154.849.609,30.397.552.734,30.397.552.734,19480529496
2023-04-19,30.394.187.500,30.411.054.688,28.669.898.438,28.822.679.688,28.822.679.688,24571565421
2023-04-20,28.823.683.594,29.076.400.391,28.037.257.813,28.245.988.281,28.245.988.281,21340360360
2023-04-21,28.249.230.469,28.349.968.750,27.177.365.234,27.276.910.156,27.276.910.156,20759504330
2023-04-22,27.265.894.531,27.872.142.578,27.169.570.313,27.817.500.000,27.817.500.000,13125734602
2023-04-23,27.816.144.531,27.820.244.141,27.400.314.453,27.591.384.766,27.591.384.766,12785446832
2023-04-24,27.591.730.469,27.979.982.422,27.070.849.609,27.525.339.844,27.525.339.844,17703288330
2023-04-25,27.514.873.047,28.371.078.125,27.207.931.641,28.307.597.656,28.307.597.656,17733373139
2023-04-26,28.300.058.594,29.995.837.891,27.324.548.828,28.422.701.172,28.422.701.172,31854242019
2023-04-27,28.428.464.844,29.871.546.875,28.402.886.719,29.473.787.109,29.473.787.109,27153445027
2023-04-28,29.481.013.672,29.572.791.016,28.929.609.375,29.340.261.719,29.340.261.719,17544464887
2023-04-29,29.336.566.406,29.452.455.078,29.088.042.969,29.248.488.281,29.248.488.281,10662634333
2023-04-30,29.245.515.625,29.952.029.297,29.114.021.484,29.268.806.641,29.268.806.641,14652199272
2023-05-01,29.227.103.516,29.329.935.547,27.680.792.969,28.091.568.359,28.091.568.359,18655599976
2023-05-02,28.087.175.781,28.881.298.828,27.924.123.047,28.680.537.109,28.680.537.109,16432924527
2023-05-03,28.680.494.141,29.259.533.203,28.178.388.672,29.006.308.594,29.006.308.594,19122972518
2023-05-04,29.031.304.688,29.353.185.547,28.694.039.063,28.847.710.938,28.847.710.938,15548678514
2023-05-05,28.851.480.469,29.668.908.203,28.845.509.766,29.534.384.766,29.534.384.766,17936566518
2023-05-06,29.538.859.375,29.820.126.953,28.468.966.797,28.904.623.047,28.904.623.047,15913866714
2023-05-07,28.901.623.047,29.157.517.578,28.441.367.188,28.454.978.516,28.454.978.516,11301355486
2023-05-08,28.450.457.031,28.663.271.484,27.310.134.766,27.694.273.438,27.694.273.438,19122903752
2023-05-09,27.695.068.359,27.821.400.391,27.375.601.563,27.658.775.391,27.658.775.391,14128593256
2023-05-10,27.654.636.719,28.322.687.500,26.883.669.922,27.621.755.859,27.621.755.859,20656025026
2023-05-11,27.621.085.938,27.621.941.406,26.781.826.172,27.000.789.063,27.000.789.063,16724343943
2023-05-12,26.987.662.109,27.055.646.484,25.878.429.688,26.804.990.234,26.804.990.234,19313599897
2023-05-13,26.807.769.531,27.030.482.422,26.710.873.047,26.784.078.125,26.784.078.125,9999171605
2023-05-14,26.788.974.609,27.150.976.563,26.661.355.469,26.930.638.672,26.930.638.672,10014858959
2023-05-15,26.931.384.766,27.646.347.656,26.766.097.656,27.192.693.359,27.192.693.359,14413231792
2023-05-16,27.171.513.672,27.299.304.688,26.878.947.266,27.036.650.391,27.036.650.391,12732238816
2023-05-17,27.035.470.703,27.465.927.734,26.600.144.531,27.398.802.734,27.398.802.734,15140006925
2023-05-18,27.401.650.391,27.466.527.344,26.415.101.563,26.832.208.984,26.832.208.984,15222938600
2023-05-19,26.826.753.906,27.128.619.141,26.700.210.938,26.890.128.906,26.890.128.906,11258983301
2023-05-20,26.888.841.797,27.155.158.203,26.843.277.344,27.129.585.938,27.129.585.938,7044911360
2023-05-21,27.118.423.828,27.265.917.969,26.706.921.875,26.753.826.172,26.753.826.172,8647416921
2023-05-22,26.749.892.578,27.045.734.375,26.549.734.375,26.851.277.344,26.851.277.344,11056770492
2023-05-23,26.855.960.938,27.434.683.594,26.816.179.688,27.225.726.563,27.225.726.563,13697203143
2023-05-24,27.224.603.516,27.224.603.516,26.106.576.172,26.334.818.359,26.334.818.359,16299104428
2023-05-25,26.329.460.938,26.591.519.531,25.890.593.750,26.476.207.031,26.476.207.031,13851122697
2023-05-26,26.474.181.641,26.916.669.922,26.343.949.219,26.719.291.016,26.719.291.016,12711619225
2023-05-27,26.720.181.641,26.888.882.813,26.621.140.625,26.868.353.516,26.868.353.516,7892015141
2023-05-28,26.871.158.203,28.193.449.219,26.802.751.953,28.085.646.484,28.085.646.484,14545229578
2023-05-29,28.075.591.797,28.432.039.063,27.563.876.953,27.745.884.766,27.745.884.766,15181308984
2023-05-30,27.745.123.047,28.044.759.766,27.588.501.953,27.702.349.609,27.702.349.609,13251081851
2023-05-31,27.700.529.297,27.831.677.734,26.866.453.125,27.219.658.203,27.219.658.203,15656371534
2023-06-01,27.218.412.109,27.346.105.469,26.671.720.703,26.819.972.656,26.819.972.656,14678970415
2023-06-02,26.824.556.641,27.303.861.328,26.574.644.531,27.249.589.844,27.249.589.844,14837415000
2023-06-03,27.252.324.219,27.317.052.734,26.958.003.906,27.075.128.906,27.075.128.906,8385597470
2023-06-04,27.075.123.047,27.407.019.531,26.968.224.609,27.119.066.406,27.119.066.406,9360912318
2023-06-05,27.123.109.375,27.129.982.422,25.445.167.969,25.760.097.656,25.760.097.656,21513292646
2023-06-06,25.732.109.375,27.313.820.313,25.434.867.188,27.238.783.203,27.238.783.203,21929670693
2023-06-07,27.235.650.391,27.332.181.641,26.146.988.281,26.345.998.047,26.345.998.047,19530045082
2023-06-08,26.347.654.297,26.797.513.672,26.246.664.063,26.508.216.797,26.508.216.797,11904824295
2023-06-09,26.505.923.828,26.770.289.063,26.339.314.453,26.480.375.000,26.480.375.000,11015551640
2023-06-10,26.481.761.719,26.531.044.922,25.501.835.938,25.851.240.234,25.851.240.234,19872933189
2023-06-11,25.854.031.250,26.203.439.453,25.668.986.328,25.940.167.969,25.940.167.969,10732609603
2023-06-12,25.934.285.156,26.087.919.922,25.675.197.266,25.902.500.000,25.902.500.000,11677889997
2023-06-13,25.902.941.406,26.376.351.563,25.728.365.234,25.918.728.516,25.918.728.516,14143474486
2023-06-14,25.920.257.813,26.041.800.781,24.902.152.344,25.124.675.781,25.124.675.781,14265717766
2023-06-15,25.121.673.828,25.735.308.594,24.797.167.969,25.576.394.531,25.576.394.531,15837384409
2023-06-16,25.575.283.203,26.463.173.828,25.245.357.422,26.327.462.891,26.327.462.891,16324646965
2023-06-17,26.328.679.688,26.769.394.531,26.174.492.188,26.510.675.781,26.510.675.781,11090276850
2023-06-18,26.510.457.031,26.675.925.781,26.325.890.625,26.336.212.891,26.336.212.891,9565695129
2023-06-19,26.335.441.406,26.984.611.328,26.312.832.031,26.851.029.297,26.851.029.297,12826986222
2023-06-20,26.841.664.063,28.388.968.750,26.668.791.016,28.327.488.281,28.327.488.281,22211859147
2023-06-21,28.311.310.547,30.737.330.078,28.283.410.156,30.027.296.875,30.027.296.875,33346760979
2023-06-22,29.995.935.547,30.495.998.047,29.679.158.203,29.912.281.250,29.912.281.250,20653160491
2023-06-23,29.896.382.813,31.389.539.063,29.845.214.844,30.695.468.750,30.695.468.750,24115570085
2023-06-24,30.708.738.281,30.804.148.438,30.290.146.484,30.548.695.313,30.548.695.313,12147822496
2023-06-25,30.545.150.391,31.041.271.484,30.327.943.359,30.480.261.719,30.480.261.719,12703464114
2023-06-26,30.480.523.438,30.636.029.297,29.955.744.141,30.271.130.859,30.271.130.859,16493186997
2023-06-27,30.274.320.313,31.006.787.109,30.236.650.391,30.688.164.063,30.688.164.063,16428827944
2023-06-28,30.696.560.547,30.703.279.297,29.921.822.266,30.086.246.094,30.086.246.094,14571500779
2023-06-29,30.086.187.500,30.796.250.000,30.057.203.125,30.445.351.563,30.445.351.563,13180860821
2023-06-30,30.441.353.516,31.256.863.281,29.600.275.391,30.477.251.953,30.477.251.953,26387306197
2023-07-01,30.471.847.656,30.641.289.063,30.328.865.234,30.590.078.125,30.590.078.125,9086606733
2023-07-02,30.587.269.531,30.766.140.625,30.264.019.531,30.620.769.531,30.620.769.531,10533418042
2023-07-03,30.624.515.625,31.375.613.281,30.586.513.672,31.156.439.453,31.156.439.453,15271884873
2023-07-04,31.156.865.234,31.325.197.266,30.659.355.469,30.777.582.031,30.777.582.031,12810828427
2023-07-05,30.778.724.609,30.877.330.078,30.225.613.281,30.514.166.016,30.514.166.016,12481622280
2023-07-06,30.507.150.391,31.460.052.734,29.892.226.563,29.909.337.891,29.909.337.891,21129219509
2023-07-07,29.907.998.047,30.434.644.531,29.777.285.156,30.342.265.625,30.342.265.625,13384770155
2023-07-08,30.346.921.875,30.374.437.500,30.080.160.156,30.292.541.016,30.292.541.016,7509378699
2023-07-09,30.291.611.328,30.427.589.844,30.085.591.797,30.171.234.375,30.171.234.375,7903327692
2023-07-10,30.172.423.828,31.026.083.984,29.985.394.531,30.414.470.703,30.414.470.703,14828209155
2023-07-11,30.417.632.813,30.788.314.453,30.358.097.656,30.620.951.172,30.620.951.172,12151839152
2023-07-12,30.622.246.094,30.959.964.844,30.228.835.938,30.391.646.484,30.391.646.484,14805659717
2023-07-13,30.387.488.281,31.814.515.625,30.268.351.563,31.476.048.828,31.476.048.828,23686079548
2023-07-14,31.474.720.703,31.582.253.906,29.966.386.719,30.334.068.359,30.334.068.359,20917902660
2023-07-15,30.331.783.203,30.407.781.250,30.263.462.891,30.295.806.641,30.295.806.641,8011667756
2023-07-16,30.297.472.656,30.437.560.547,30.089.669.922,30.249.132.813,30.249.132.813,8516564470
2023-07-17,30.249.626.953,30.336.400.391,29.685.783.203,30.145.888.672,30.145.888.672,13240156074
2023-07-18,30.147.070.313,30.233.656.250,29.556.427.734,29.856.562.500,29.856.562.500,13138897269
2023-07-19,29.862.046.875,30.184.181.641,29.794.269.531,29.913.923.828,29.913.923.828,12128602812
2023-07-20,29.915.250.000,30.195.531.250,29.638.095.703,29.792.015.625,29.792.015.625,14655207121
2023-07-21,29.805.111.328,30.045.998.047,29.733.851.563,29.908.744.141,29.908.744.141,10972789818
2023-07-22,29.908.697.266,29.991.615.234,29.664.121.094,29.771.802.734,29.771.802.734,7873300598
2023-07-23,29.790.111.328,30.330.640.625,29.741.527.344,30.084.539.063,30.084.539.063,9220145050
2023-07-24,30.081.662.109,30.093.394.531,28.934.294.922,29.176.916.016,29.176.916.016,15395817395
2023-07-25,29.178.970.703,29.353.160.156,29.062.433.594,29.227.390.625,29.227.390.625,10266772793
2023-07-26,29.225.759.766,29.675.552.734,29.113.912.109,29.354.972.656,29.354.972.656,13497554655
2023-07-27,29.353.798.828,29.560.966.797,29.099.351.563,29.210.689.453,29.210.689.453,10770779217
2023-07-28,29.212.164.063,29.521.513.672,29.125.845.703,29.319.246.094,29.319.246.094,11218474952
2023-07-29,29.319.445.313,29.396.843.750,29.264.166.016,29.356.917.969,29.356.917.969,6481775959
2023-07-30,29.357.093.750,29.443.169.922,29.059.501.953,29.275.308.594,29.275.308.594,8678454527
2023-07-31,29.278.314.453,29.489.873.047,29.131.578.125,29.230.111.328,29.230.111.328,11656781982
2023-08-01,29.230.873.047,29.675.732.422,28.657.023.438,29.675.732.422,29.675.732.422,18272392391
2023-08-02,29.704.146.484,29.987.998.047,28.946.509.766,29.151.958.984,29.151.958.984,19212655598
2023-08-03,29.161.812.500,29.375.707.031,28.959.488.281,29.178.679.688,29.178.679.688,12780357746
2023-08-04,29.174.382.813,29.302.078.125,28.885.335.938,29.074.091.797,29.074.091.797,12036639988
2023-08-05,29.075.388.672,29.102.464.844,28.957.796.875,29.042.126.953,29.042.126.953,6598366353
2023-08-06,29.043.701.172,29.160.822.266,28.963.833.984,29.041.855.469,29.041.855.469,7269806994
2023-08-07,29.038.513.672,29.244.281.250,28.724.140.625,29.180.578.125,29.180.578.125,13618163710
2023-08-08,29.180.019.531,30.176.796.875,29.113.814.453,29.765.492.188,29.765.492.188,17570561357
2023-08-09,29.766.695.313,30.093.435.547,29.376.800.781,29.561.494.141,29.561.494.141,18379521213
2023-08-10,29.563.972.656,29.688.564.453,29.354.447.266,29.429.591.797,29.429.591.797,11865344789
2023-08-11,29.424.902.344,29.517.773.438,29.253.517.578,29.397.714.844,29.397.714.844,10195168197
2023-08-12,29.399.787.109,29.465.113.281,29.357.587.891,29.415.964.844,29.415.964.844,6194358008
2023-08-13,29.416.593.750,29.441.433.594,29.265.806.641,29.282.914.063,29.282.914.063,7329897180
2023-08-14,29.283.263.672,29.660.253.906,29.124.105.469,29.408.443.359,29.408.443.359,14013695304
2023-08-15,29.408.048.828,29.439.121.094,29.088.853.516,29.170.347.656,29.170.347.656,12640195779
2023-08-16,29.169.074.219,29.221.976.563,28.701.779.297,28.701.779.297,28.701.779.297,14949271904
2023-08-17,28.699.802.734,28.745.947.266,25.409.111.328,26.664.550.781,26.664.550.781,31120851211
2023-08-18,26.636.078.125,26.808.195.313,25.668.921.875,26.049.556.641,26.049.556.641,24026236529
2023-08-19,26.047.832.031,26.249.449.219,25.802.408.203,26.096.205.078,26.096.205.078,10631443812
2023-08-20,26.096.861.328,26.260.681.641,26.004.314.453,26.189.583.984,26.189.583.984,9036580420
2023-08-21,26.188.691.406,26.220.201.172,25.846.087.891,26.124.140.625,26.124.140.625,13371557893
2023-08-22,26.130.748.047,26.135.507.813,25.520.728.516,26.031.656.250,26.031.656.250,14503820706
2023-08-23,26.040.474.609,26.786.898.438,25.804.998.047,26.431.640.625,26.431.640.625,16985265785
2023-08-24,26.431.519.531,26.554.910.156,25.914.925.781,26.162.373.047,26.162.373.047,12871532023
2023-08-25,26.163.679.688,26.248.103.516,25.786.812.500,26.047.667.969,26.047.667.969,12406045118
2023-08-26,26.047.234.375,26.107.384.766,25.983.878.906,26.008.462.891,26.008.462.891,6034817316
2023-08-27,26.008.242.188,26.165.373.047,25.965.097.656,26.089.693.359,26.089.693.359,6913768611
2023-08-28,26.089.615.234,26.198.578.125,25.880.599.609,26.106.150.391,26.106.150.391,11002805166
2023-08-29,26.102.486.328,28.089.337.891,25.912.628.906,27.727.392.578,27.727.392.578,29368391712
2023-08-30,27.726.083.984,27.760.160.156,27.069.207.031,27.297.265.625,27.297.265.625,16343655235
2023-08-31,27.301.929.688,27.456.078.125,25.752.929.688,25.931.472.656,25.931.472.656,20181001451
2023-09-01,25.934.021.484,26.125.869.141,25.362.609.375,25.800.724.609,25.800.724.609,17202862221
2023-09-02,25.800.910.156,25.970.285.156,25.753.093.750,25.868.798.828,25.868.798.828,10100387473
2023-09-03,25.869.472.656,26.087.148.438,25.817.031.250,25.969.566.406,25.969.566.406,8962524523
2023-09-04,25.968.169.922,26.081.525.391,25.657.025.391,25.812.416.016,25.812.416.016,10680635106
2023-09-05,25.814.957.031,25.858.375.000,25.589.988.281,25.779.982.422,25.779.982.422,11094740040
2023-09-06,25.783.931.641,25.953.015.625,25.404.359.375,25.753.236.328,25.753.236.328,12752705327
2023-09-07,25.748.312.500,26.409.302.734,25.608.201.172,26.240.195.313,26.240.195.313,11088307100
2023-09-08,26.245.208.984,26.414.005.859,25.677.480.469,25.905.654.297,25.905.654.297,10817356400
2023-09-09,25.905.425.781,25.921.976.563,25.810.494.141,25.895.677.734,25.895.677.734,5481314132
2023-09-10,25.895.210.938,25.978.130.859,25.640.261.719,25.832.226.563,25.832.226.563,7899553047
2023-09-11,25.831.714.844,25.883.947.266,24.930.296.875,25.162.654.297,25.162.654.297,14600006467
2023-09-12,25.160.658.203,26.451.939.453,25.133.078.125,25.833.343.750,25.833.343.750,18657279324
2023-09-13,25.837.554.688,26.376.113.281,25.781.123.047,26.228.324.219,26.228.324.219,13072077070
2023-09-14,26.228.277.344,26.774.623.047,26.171.451.172,26.539.673.828,26.539.673.828,13811359124
2023-09-15,26.533.818.359,26.840.498.047,26.240.701.172,26.608.693.359,26.608.693.359,11479735788
2023-09-16,26.606.199.219,26.754.769.531,26.473.890.625,26.568.281.250,26.568.281.250,7402031417
2023-09-17,26.567.927.734,26.617.998.047,26.445.074.219,26.534.187.500,26.534.187.500,6774210670
2023-09-18,26.532.994.141,27.414.734.375,26.415.515.625,26.754.281.250,26.754.281.250,15615339655
2023-09-19,26.760.851.563,27.488.763.672,26.681.605.469,27.211.117.188,27.211.117.188,13807690550
2023-09-20,27.210.228.516,27.379.505.859,26.864.082.031,27.132.007.813,27.132.007.813,13281116604
2023-09-21,27.129.839.844,27.152.939.453,26.389.300.781,26.567.632.813,26.567.632.813,13371443708
2023-09-22,26.564.056.641,26.726.078.125,26.495.533.203,26.579.568.359,26.579.568.359,10578746709
2023-09-23,26.578.556.641,26.634.185.547,26.520.519.531,26.579.390.625,26.579.390.625,7404700301
2023-09-24,26.579.373.047,26.716.058.594,26.221.050.781,26.256.826.172,26.256.826.172,8192867686
2023-09-25,26.253.775.391,26.421.507.813,26.011.468.750,26.298.480.469,26.298.480.469,11997833257
2023-09-26,26.294.757.813,26.389.884.766,26.090.712.891,26.217.250.000,26.217.250.000,9985498161
2023-09-27,26.209.498.047,26.817.841.797,26.111.464.844,26.352.716.797,26.352.716.797,11718380997
2023-09-28,26.355.812.500,27.259.500.000,26.327.322.266,27.021.546.875,27.021.546.875,14079002707
2023-09-29,27.024.841.797,27.225.937.500,26.721.763.672,26.911.720.703,26.911.720.703,10396435377
2023-09-30,26.911.689.453,27.091.794.922,26.888.968.750,26.967.916.016,26.967.916.016,5331172801
2023-10-01,26.967.396.484,28.047.238.281,26.965.093.750,27.983.750.000,27.983.750.000,9503917434
2023-10-02,27.976.798.828,28.494.458.984,27.347.787.109,27.530.785.156,27.530.785.156,19793041322
2023-10-03,27.508.251.953,27.667.191.406,27.216.001.953,27.429.978.516,27.429.978.516,11407814187
2023-10-04,27.429.074.219,27.826.658.203,27.248.105.469,27.799.394.531,27.799.394.531,11143355314
2023-10-05,27.798.646.484,28.091.861.328,27.375.601.563,27.415.912.109,27.415.912.109,11877253670
2023-10-06,27.412.123.047,28.252.537.109,27.215.552.734,27.946.597.656,27.946.597.656,13492391599
2023-10-07,27.946.781.250,28.028.091.797,27.870.423.828,27.968.839.844,27.968.839.844,6553044316
2023-10-08,27.971.677.734,28.102.169.922,27.740.662.109,27.935.089.844,27.935.089.844,7916875290
2023-10-09,27.934.472.656,27.989.470.703,27.302.562.500,27.583.677.734,27.583.677.734,12007668568
2023-10-10,27.589.201.172,27.715.847.656,27.301.654.297,27.391.019.531,27.391.019.531,9973350678
2023-10-11,27.392.076.172,27.474.115.234,26.561.099.609,26.873.320.313,26.873.320.313,13648094333
2023-10-12,26.873.292.969,26.921.439.453,26.558.320.313,26.756.798.828,26.756.798.828,9392909295
2023-10-13,26.752.878.906,27.092.697.266,26.686.322.266,26.862.375.000,26.862.375.000,15165312851
2023-10-14,26.866.203.125,26.969.000.000,26.814.585.938,26.861.707.031,26.861.707.031,5388116782
2023-10-15,26.858.011.719,27.289.169.922,26.817.894.531,27.159.652.344,27.159.652.344,7098201980
2023-10-16,27.162.628.906,29.448.138.672,27.130.472.656,28.519.466.797,28.519.466.797,27833876539
2023-10-17,28.522.097.656,28.618.751.953,28.110.185.547,28.415.748.047,28.415.748.047,14872527508
2023-10-18,28.413.531.250,28.889.009.766,28.174.251.953,28.328.341.797,28.328.341.797,12724128586
2023-10-19,28.332.416.016,28.892.474.609,28.177.988.281,28.719.806.641,28.719.806.641,14448058195
2023-10-20,28.732.812.500,30.104.085.938,28.601.669.922,29.682.949.219,29.682.949.219,21536125230
2023-10-21,29.683.380.859,30.287.482.422,29.481.751.953,29.918.412.109,29.918.412.109,11541146996
2023-10-22,29.918.654.297,30.199.433.594,29.720.312.500,29.993.896.484,29.993.896.484,10446520040
2023-10-23,30.140.685.547,34.370.437.500,30.097.828.125,33.086.234.375,33.086.234.375,38363572311
2023-10-24,33.077.304.688,35.150.433.594,32.880.761.719,33.901.527.344,33.901.527.344,44934999645
2023-10-25,33.916.042.969,35.133.757.813,33.709.109.375,34.502.820.313,34.502.820.313,25254318008
2023-10-26,34.504.289.063,34.832.910.156,33.762.324.219,34.156.648.438,34.156.648.438,19427195376
2023-10-27,34.156.500.000,34.238.210.938,33.416.886.719,33.909.800.781,33.909.800.781,16418032871
2023-10-28,33.907.722.656,34.399.390.625,33.874.804.688,34.089.574.219,34.089.574.219,10160330825
2023-10-29,34.089.371.094,34.743.261.719,33.947.566.406,34.538.480.469,34.538.480.469,11160323986
2023-10-30,34.531.742.188,34.843.933.594,34.110.972.656,34.502.363.281,34.502.363.281,17184860315
2023-10-31,34.500.078.125,34.719.253.906,34.083.308.594,34.667.781.250,34.667.781.250,15758270810
2023-11-01,34.657.273.438,35.527.929.688,34.170.691.406,35.437.253.906,35.437.253.906,22446272005
2023-11-02,35.441.578.125,35.919.843.750,34.401.574.219,34.938.242.188,34.938.242.188,20998158544
2023-11-03,34.942.472.656,34.942.472.656,34.133.441.406,34.732.324.219,34.732.324.219,17158456701
2023-11-04,34.736.324.219,35.256.031.250,34.616.691.406,35.082.195.313,35.082.195.313,9561294264
2023-11-05,35.090.011.719,35.340.339.844,34.594.242.188,35.049.355.469,35.049.355.469,12412743996
2023-11-06,35.044.789.063,35.286.027.344,34.765.363.281,35.037.371.094,35.037.371.094,12693436420
2023-11-07,35.047.792.969,35.892.417.969,34.545.816.406,35.443.562.500,35.443.562.500,18834737789
2023-11-08,35.419.476.563,35.994.417.969,35.147.800.781,35.655.277.344,35.655.277.344,17295394918
2023-11-09,35.633.632.813,37.926.257.813,35.592.101.563,36.693.125.000,36.693.125.000,37762672382
2023-11-10,36.702.250.000,37.493.800.781,36.362.753.906,37.313.968.750,37.313.968.750,22711265155
2023-11-11,37.310.070.313,37.407.093.750,36.773.667.969,37.138.050.781,37.138.050.781,13924272142
2023-11-12,37.133.992.188,37.227.691.406,36.779.117.188,37.054.519.531,37.054.519.531,11545715999
2023-11-13,37.070.304.688,37.405.117.188,36.399.605.469,36.502.355.469,36.502.355.469,19057712790
2023-11-14,36.491.789.063,36.753.351.563,34.948.500.000,35.537.640.625,35.537.640.625,23857403554
2023-11-15,35.548.113.281,37.964.894.531,35.383.781.250,37.880.582.031,37.880.582.031,27365821679
2023-11-16,37.879.980.469,37.934.625.000,35.545.472.656,36.154.769.531,36.154.769.531,26007385366
2023-11-17,36.164.824.219,36.704.484.375,35.901.234.375,36.596.683.594,36.596.683.594,22445028430
2023-11-18,36.625.371.094,36.839.281.250,36.233.312.500,36.585.703.125,36.585.703.125,11886022717
2023-11-19,36.585.765.625,37.509.355.469,36.414.597.656,37.386.546.875,37.386.546.875,12915986553
2023-11-20,37.374.074.219,37.756.820.313,36.882.531.250,37.476.957.031,37.476.957.031,20888209068
2023-11-21,37.469.160.156,37.631.140.625,35.813.812.500,35.813.812.500,35.813.812.500,25172163756
2023-11-22,35.756.554.688,37.856.980.469,35.670.972.656,37.432.339.844,37.432.339.844,24397247860
2023-11-23,37.420.433.594,37.643.917.969,36.923.863.281,37.289.621.094,37.289.621.094,14214948217
2023-11-24,37.296.316.406,38.415.339.844,37.261.605.469,37.720.281.250,37.720.281.250,22922957823
2023-11-25,37.721.414.063,37.892.429.688,37.617.417.969,37.796.792.969,37.796.792.969,9099571165
2023-11-26,37.796.828.125,37.820.300.781,37.162.750.000,37.479.121.094,37.479.121.094,13744796068
2023-11-27,37.454.191.406,37.559.355.469,36.750.128.906,37.254.167.969,37.254.167.969,19002925720
2023-11-28,37.247.992.188,38.368.480.469,36.891.089.844,37.831.085.938,37.831.085.938,21696137014
2023-11-29,37.826.105.469,38.366.113.281,37.612.632.813,37.858.492.188,37.858.492.188,20728546658
2023-11-30,37.861.117.188,38.141.753.906,37.531.140.625,37.712.746.094,37.712.746.094,18115982627
2023-12-01,37.718.007.813,38.954.109.375,37.629.359.375,38.688.750.000,38.688.750.000,23512784002
2023-12-02,38.689.277.344,39.678.937.500,38.652.593.750,39.476.332.031,39.476.332.031,15534035612
2023-12-03,39.472.207.031,40.135.605.469,39.298.164.063,39.978.390.625,39.978.390.625,15769696322
2023-12-04,39.978.628.906,42.371.750.000,39.978.628.906,41.980.097.656,41.980.097.656,39856129827
2023-12-05,41.986.265.625,44.408.664.063,41.421.148.438,44.080.648.438,44.080.648.438,36312154535
2023-12-06,44.080.023.438,44.265.769.531,43.478.082.031,43.746.445.313,43.746.445.313,29909761586
2023-12-07,43.769.132.813,44.042.589.844,42.880.648.438,43.292.664.063,43.292.664.063,27635760671
2023-12-08,43.293.136.719,44.705.515.625,43.125.296.875,44.166.601.563,44.166.601.563,24421116687
2023-12-09,44.180.019.531,44.361.257.813,43.627.597.656,43.725.984.375,43.725.984.375,17368210171
2023-12-10,43.728.382.813,44.034.625.000,43.593.285.156,43.779.699.219,43.779.699.219,13000481418
2023-12-11,43.792.019.531,43.808.375.000,40.234.578.125,41.243.832.031,41.243.832.031,40632672038
2023-12-12,41.238.734.375,42.048.304.688,40.667.562.500,41.450.222.656,41.450.222.656,24779520132
2023-12-13,41.468.464.844,43.429.781.250,40.676.867.188,42.890.742.188,42.890.742.188,26797884674
2023-12-14,42.884.261.719,43.390.859.375,41.767.089.844,43.023.972.656,43.023.972.656,25578530178
2023-12-15,43.028.250.000,43.087.824.219,41.692.968.750,41.929.757.813,41.929.757.813,19639442462
2023-12-16,41.937.742.188,42.664.945.313,41.723.113.281,42.240.117.188,42.240.117.188,14386729590
2023-12-17,42.236.109.375,42.359.496.094,41.274.542.969,41.364.664.063,41.364.664.063,16678702876
2023-12-18,41.348.203.125,42.720.296.875,40.530.257.813,42.623.539.063,42.623.539.063,25224642008
2023-12-19,42.641.511.719,43.354.296.875,41.826.335.938,42.270.527.344,42.270.527.344,23171001281
2023-12-20,42.261.300.781,44.275.585.938,42.223.816.406,43.652.250.000,43.652.250.000,27868908174
2023-12-21,43.648.125.000,44.240.667.969,43.330.050.781,43.869.152.344,43.869.152.344,22452766169
2023-12-22,43.868.988.281,44.367.957.031,43.441.968.750,43.997.902.344,43.997.902.344,21028503216
2023-12-23,44.012.199.219,44.015.699.219,43.351.355.469,43.739.542.969,43.739.542.969,13507796558
2023-12-24,43.728.367.188,43.945.523.438,42.786.917.969,43.016.117.188,43.016.117.188,18830554085
2023-12-25,43.010.574.219,43.765.093.750,42.765.769.531,43.613.140.625,43.613.140.625,21115795370
2023-12-26,43.599.847.656,43.603.175.781,41.676.488.281,42.520.402.344,42.520.402.344,30026850982
2023-12-27,42.518.468.750,43.683.160.156,42.167.582.031,43.442.855.469,43.442.855.469,25260941032
2023-12-28,43.468.199.219,43.804.781.250,42.318.550.781,42.627.855.469,42.627.855.469,22992093014
2023-12-29,42.614.644.531,43.124.324.219,41.424.062.500,42.099.402.344,42.099.402.344,26000021055
2023-12-30,42.091.753.906,42.584.125.000,41.556.226.563,42.156.902.344,42.156.902.344,16013925945
2023-12-31,42.152.097.656,42.860.937.500,41.998.253.906,42.265.187.500,42.265.187.500,16397498810
2024-01-01,42.280.234.375,44.175.437.500,42.214.976.563,44.167.332.031,44.167.332.031,18426978443
2024-01-02,44.187.140.625,45.899.707.031,44.176.949.219,44.957.968.750,44.957.968.750,39335274536
2024-01-03,44.961.601.563,45.503.242.188,40.813.535.156,42.848.175.781,42.848.175.781,46342323118
2024-01-04,42.855.816.406,44.770.023.438,42.675.175.781,44.179.921.875,44.179.921.875,30448091210
2024-01-05,44.192.980.469,44.353.285.156,42.784.718.750,44.162.691.406,44.162.691.406,32336029347
2024-01-06,44.178.953.125,44.227.632.813,43.475.156.250,43.989.195.313,43.989.195.313,16092503468
2024-01-07,43.998.464.844,44.495.570.313,43.662.230.469,43.943.097.656,43.943.097.656,19330573863
2024-01-08,43.948.707.031,47.218.000.000,43.244.082.031,46.970.503.906,46.970.503.906,42746192015
2024-01-09,46.987.640.625,47.893.699.219,45.244.714.844,46.139.730.469,46.139.730.469,39821290992
2024-01-10,46.121.539.063,47.647.222.656,44.483.152.344,46.627.777.344,46.627.777.344,50114613298
2024-01-11,46.656.074.219,48.969.371.094,45.678.644.531,46.368.585.938,46.368.585.938,45833734549
2024-01-12,46.354.792.969,46.498.136.719,41.903.769.531,42.853.167.969,42.853.167.969,43332698900
2024-01-13,42.799.445.313,43.234.660.156,42.464.144.531,42.842.382.813,42.842.382.813,20601860469
2024-01-14,42.842.261.719,43.065.597.656,41.724.613.281,41.796.269.531,41.796.269.531,17521429522
2024-01-15,41.715.066.406,43.319.722.656,41.705.417.969,42.511.968.750,42.511.968.750,22320220558
2024-01-16,42.499.335.938,43.566.273.438,42.085.996.094,43.154.945.313,43.154.945.313,24062872740
2024-01-17,43.132.101.563,43.189.890.625,42.189.308.594,42.742.652.344,42.742.652.344,20851232595
2024-01-18,42.742.312.500,42.876.347.656,40.631.171.875,41.262.058.594,41.262.058.594,25218357242
2024-01-19,41.278.460.938,42.134.160.156,40.297.457.031,41.618.406.250,41.618.406.250,25752407154
2024-01-20,41.624.589.844,41.877.894.531,41.446.824.219,41.665.585.938,41.665.585.938,11586690904
2024-01-21,41.671.488.281,41.855.367.188,41.497.007.813,41.545.785.156,41.545.785.156,9344043642
2024-01-22,41.553.652.344,41.651.207.031,39.450.117.188,39.507.367.188,39.507.367.188,31338708143
2024-01-23,39.518.714.844,40.127.351.563,38.521.894.531,39.845.550.781,39.845.550.781,29244553045
2024-01-24,39.877.593.750,40.483.785.156,39.508.796.875,40.077.074.219,40.077.074.219,22359526178
2024-01-25,40.075.550.781,40.254.480.469,39.545.664.063,39.933.808.594,39.933.808.594,18491782013
2024-01-26,39.936.816.406,42.209.386.719,39.825.691.406,41.816.871.094,41.816.871.094,25598119893
2024-01-27,41.815.625.000,42.195.632.813,41.431.281.250,42.120.054.688,42.120.054.688,11422941934
2024-01-28,42.126.125.000,42.797.175.781,41.696.910.156,42.035.593.750,42.035.593.750,16858971687
2024-01-29,42.030.914.063,43.305.867.188,41.818.332.031,43.288.246.094,43.288.246.094,20668476578
2024-01-30,43.300.226.563,43.838.945.313,42.711.371.094,42.952.609.375,42.952.609.375,23842814518
2024-01-31,42.946.250.000,43.717.406.250,42.298.945.313,42.582.605.469,42.582.605.469,24673628793
2024-02-01,42.569.761.719,43.243.167.969,41.879.191.406,43.075.773.438,43.075.773.438,21423953779
2024-02-02,43.077.640.625,43.422.488.281,42.584.335.938,43.185.859.375,43.185.859.375,18603843039
2024-02-03,43.184.964.844,43.359.941.406,42.890.808.594,42.992.250.000,42.992.250.000,11169245236
2024-02-04,42.994.941.406,43.097.644.531,42.374.832.031,42.583.582.031,42.583.582.031,14802225490
2024-02-05,42.577.621.094,43.494.250.000,42.264.816.406,42.658.667.969,42.658.667.969,18715487317
2024-02-06,42.657.390.625,43.344.148.438,42.529.019.531,43.084.671.875,43.084.671.875,16798476726
2024-02-07,43.090.019.531,44.341.949.219,42.775.957.031,44.318.222.656,44.318.222.656,21126587775
2024-02-08,44.332.125.000,45.575.839.844,44.332.125.000,45.301.566.406,45.301.566.406,26154524080
2024-02-09,45.297.382.813,48.152.496.094,45.260.824.219,47.147.199.219,47.147.199.219,39316770844
2024-02-10,47.153.527.344,48.146.171.875,46.905.320.313,47.771.277.344,47.771.277.344,16398681570
2024-02-11,47.768.968.750,48.535.937.500,47.617.406.250,48.293.917.969,48.293.917.969,19315867136
2024-02-12,48.296.386.719,50.280.476.563,47.745.761.719,49.958.222.656,49.958.222.656,34511985805
2024-02-13,49.941.359.375,50.358.390.625,48.406.496.094,49.742.441.406,49.742.441.406,35593051468
2024-02-14,49.733.445.313,52.021.371.094,49.296.832.031,51.826.695.313,51.826.695.313,39105608050
2024-02-15,51.836.785.156,52.820.066.406,51.371.628.906,51.938.554.688,51.938.554.688,38564360533
2024-02-16,51.937.726.563,52.485.871.094,51.663.164.063,51.907.527.344,51.907.527.344,31944822784